Vehicle ID: copter
Board: speedybeef4v5
Remote URL: https://github.com/ardupilot/ardupilot.git
git-sha: dbe792162d06cab66c3475fd5556bf7a120f119e
---
Selected Features:
QUAD
IST8310
RC_IBUS
BOOTLOADER_FLASHING
AC_OAPATHPLANNER
RFND_BENEWAKE_TFMINIPLUS
MAVLINK_MSG_RC_CHANNELS_RAW
UBLOX
RateLoopThread
FILESYSTEM_MISSION
BatchSampler
RC_Protocol
RELAY
EKF3_WINDEST
SERVORELAY_EVENTS
MAV_MSG_SERIAL_CONTROL
AP_MAVLINK_FTP_ENABLED
AC_AVOID_ALTHOLD
HarmonicNotches
RPM_HARMONIC_NOTCH
PLAY_TUNE
MAV_SERVO_RELAY
FILESYSTEM_PARAM
RPM
FENCE
LED_CONTROL
FixedYawCal
RANGEFINDER_SENDING
MAV_DEVICE_OP
COMPASS_CAL
EKF3
COPTER_AHRS_AUTO_TRIM
SPL06
REQUEST_AUTOPILOT_CAPA
Logging
BARO_TEMPCAL
PROXIMITY_RANGEFINDER
CompassLearn
RC_TRANSMITTER_TUNING
RPM_ESC_TELEM
MAVLINK_MSG_MISSION_REQUEST
MODE_BRAKE
RFND_BENEWAKE_TFMINI
IST8308
CRASHCATCHER
RSSI
AC_AVOID
TONEALARM
CUSTOM_ROTATIONS
PROXIMITY
FILESYSTEM_SYS
QMC5883L
FILESYSTEM_ROMFS
RANGEFINDER
---
Cloning build source...
Generating extrahwdef file...
Setting vehicle to: Copter
Running waf configure
Setting top to                           : /workdir/d450a747/build_src 
Setting out to                           : /workdir/d450a747 
Autoconfiguration                        : enabled 
Checking for program 'python'            : /usr/bin/python3 
Checking for python version >= 3.8.0     : 3.10.12 
Setting board to                         : speedybeef4v5 
Using toolchain                          : arm-none-eabi 
Checking for 'g++' (C++ compiler)        : /usr/lib/ccache/arm-none-eabi-g++ 
Checking for 'gcc' (C compiler)          : /usr/lib/ccache/arm-none-eabi-gcc 
Checking for c flags '-MMD'              : yes 
Checking for cxx flags '-MMD'            : yes 
Checking for program 'arm-none-eabi-nm'  : /opt/gcc-arm-none-eabi-10/bin/arm-none-eabi-nm 
CXX Compiler                             : g++ 10.2.1 
Checking for program 'make'              : /usr/bin/make 
Checking for program 'arm-none-eabi-objcopy' : /opt/gcc-arm-none-eabi-10/bin/arm-none-eabi-objcopy 
Processing /workdir/d450a747/build_src/libraries/AP_HAL_ChibiOS/hwdef/speedybeef4v5/hwdef.dat
Processing /workdir/d450a747/build_src/libraries/AP_HAL_ChibiOS/hwdef/include/minimize_fpv_osd.inc
Processing /workdir/d450a747/build_src/libraries/AP_HAL_ChibiOS/hwdef/include/minimize_common.inc
Removing HAL_MSP_GPS_ENABLED
Removing HAL_MSP_GPS_ENABLED
Removing AP_BATTERY_SMBUS_ENABLED
Removing AP_BATTERY_SMBUS_ENABLED
Processing /workdir/d450a747/extra_hwdef.dat
Removing AP_RANGEFINDER_HC_SR04_ENABLED
Removing AP_RANGEFINDER_HC_SR04_ENABLED
Removing AP_COMPASS_BMM350_ENABLED
Removing AP_COMPASS_BMM350_ENABLED
Removing AP_GPS_SBP_ENABLED
Removing AP_GPS_SBP_ENABLED
Removing AP_RCPROTOCOL_CRSF_ENABLED
Removing AP_RCPROTOCOL_CRSF_ENABLED
Removing AP_CAMERA_SEND_FOV_STATUS_ENABLED
Removing AP_CAMERA_SEND_FOV_STATUS_ENABLED
Removing HAL_MOUNT_ENABLED
Removing HAL_MOUNT_ENABLED
Removing AP_DRONECAN_SERIAL_ENABLED
Removing AP_DRONECAN_SERIAL_ENABLED
Removing AP_BARO_DRONECAN_ENABLED
Removing AP_BARO_DRONECAN_ENABLED
Removing AP_RANGEFINDER_AINSTEIN_LR_D1_ENABLED
Removing AP_RANGEFINDER_AINSTEIN_LR_D1_ENABLED
Removing AP_GPS_MAV_ENABLED
Removing AP_GPS_MAV_ENABLED
Removing AP_SCRIPTING_SERIALDEVICE_ENABLED
Removing AP_SCRIPTING_SERIALDEVICE_ENABLED
Removing AP_NETWORKING_ENABLED
Removing AP_NETWORKING_ENABLED
Removing AP_GHST_TELEM_ENABLED
Removing AP_GHST_TELEM_ENABLED
Removing AP_PERIPH_RANGEFINDER_ENABLED
Removing AP_PERIPH_RANGEFINDER_ENABLED
Removing AP_BARO_MSP_ENABLED
Removing AP_BARO_MSP_ENABLED
Removing AP_OPTICALFLOW_ONBOARD_ENABLED
Removing AP_OPTICALFLOW_ONBOARD_ENABLED
Removing AP_PERIPH_BATTERY_BALANCE_ENABLED
Removing AP_PERIPH_BATTERY_BALANCE_ENABLED
Removing AP_RANGEFINDER_HEXSOONRADAR_ENABLED
Removing AP_RANGEFINDER_HEXSOONRADAR_ENABLED
Removing AP_GPS_DEBUG_LOGGING_ENABLED
Removing AP_GPS_DEBUG_LOGGING_ENABLED
Removing HAL_DISPLAY_ENABLED
Removing HAL_DISPLAY_ENABLED
Removing AP_RANGEFINDER_NOOPLOOP_ENABLED
Removing AP_RANGEFINDER_NOOPLOOP_ENABLED
Removing AP_PERIPH_AIRSPEED_ENABLED
Removing AP_PERIPH_AIRSPEED_ENABLED
Removing AP_IBUS_TELEM_ENABLED
Removing AP_IBUS_TELEM_ENABLED
Removing AP_MOTORS_FRAME_OCTA_ENABLED
Removing AP_MOTORS_FRAME_OCTA_ENABLED
Removing AP_COMPASS_QMC5883P_ENABLED
Removing AP_COMPASS_QMC5883P_ENABLED
Removing AP_RANGEFINDER_GYUS42V2_ENABLED
Removing AP_RANGEFINDER_GYUS42V2_ENABLED
Removing EK3_FEATURE_EXTERNAL_NAV
Removing EK3_FEATURE_EXTERNAL_NAV
Removing HAL_PLUSCODE_ENABLE
Removing HAL_PLUSCODE_ENABLE
Removing AP_GRIPPER_ENABLED
Removing AP_GRIPPER_ENABLED
Removing AP_EFI_SERIAL_HIRTH_ENABLED
Removing AP_EFI_SERIAL_HIRTH_ENABLED
Removing AP_COMPASS_AK09916_ENABLED
Removing AP_COMPASS_AK09916_ENABLED
Removing AP_CRSF_SCRIPTING_ENABLED
Removing AP_CRSF_SCRIPTING_ENABLED
Removing AP_COMPASS_IST8310_ENABLED
Removing AP_COMPASS_IST8310_ENABLED
Removing HAL_MSP_OPTICALFLOW_ENABLED
Removing HAL_MSP_OPTICALFLOW_ENABLED
Removing AP_FENCE_ENABLED
Removing AP_FENCE_ENABLED
Removing AP_AIS_ENABLED
Removing AP_AIS_ENABLED
Removing AP_PERIPH_IMU_ENABLED
Removing AP_PERIPH_IMU_ENABLED
Removing AP_CRASHDUMP_ENABLED
Removing AP_CRASHDUMP_ENABLED
Removing AP_OPENDRONEID_ENABLED
Removing AP_OPENDRONEID_ENABLED
Removing AP_PERIPH_ADSB_ENABLED
Removing AP_PERIPH_ADSB_ENABLED
Removing HAL_CRSF_TELEM_ENABLED
Removing HAL_CRSF_TELEM_ENABLED
Removing AP_GPS_NMEA_UNICORE_ENABLED
Removing AP_GPS_NMEA_UNICORE_ENABLED
Removing AP_EFI_MAV_ENABLED
Removing AP_EFI_MAV_ENABLED
Removing AP_BARO_BMP388_ENABLED
Removing AP_BARO_BMP388_ENABLED
Removing MODE_SPORT_ENABLED
Removing MODE_SPORT_ENABLED
Removing HAL_ADSB_SAGETECH_MXS_ENABLED
Removing HAL_ADSB_SAGETECH_MXS_ENABLED
Removing AP_RANGEFINDER_BENEWAKE_TFMINIPLUS_ENABLED
Removing AP_RANGEFINDER_BENEWAKE_TFMINIPLUS_ENABLED
Removing AP_OPTICALFLOW_PIXART_ENABLED
Removing AP_OPTICALFLOW_PIXART_ENABLED
Removing AP_ROVER_AUTO_ARM_ONCE_ENABLED
Removing AP_ROVER_AUTO_ARM_ONCE_ENABLED
Removing AP_TUNING_ENABLED
Removing AP_TUNING_ENABLED
Removing AC_PRECLAND_MAVLINK_ENABLED
Removing AC_PRECLAND_MAVLINK_ENABLED
Removing HAL_HIGH_LATENCY2_ENABLED
Removing HAL_HIGH_LATENCY2_ENABLED
Removing AP_PROXIMITY_CYGBOT_ENABLED
Removing AP_PROXIMITY_CYGBOT_ENABLED
Removing OSD_PARAM_ENABLED
Removing OSD_PARAM_ENABLED
Removing HAL_BUTTON_ENABLED
Removing HAL_BUTTON_ENABLED
Removing AP_COMPASS_HMC5843_ENABLED
Removing AP_COMPASS_HMC5843_ENABLED
Removing HAL_SPRAYER_ENABLED
Removing HAL_SPRAYER_ENABLED
Removing AP_BARO_DPS280_ENABLED
Removing AP_BARO_DPS280_ENABLED
Removing AP_MAVLINK_MSG_RELAY_STATUS_ENABLED
Removing AP_MAVLINK_MSG_RELAY_STATUS_ENABLED
Removing AP_MAVLINK_MSG_VIDEO_STREAM_INFORMATION_ENABLED
Removing AP_MAVLINK_MSG_VIDEO_STREAM_INFORMATION_ENABLED
Removing AP_MAVLINK_AUTOPILOT_VERSION_REQUEST_ENABLED
Removing AP_MAVLINK_AUTOPILOT_VERSION_REQUEST_ENABLED
Removing AP_BARO_MS5611_ENABLED
Removing AP_BARO_MS5611_ENABLED
Removing EK3_FEATURE_DRAG_FUSION
Removing EK3_FEATURE_DRAG_FUSION
Removing AP_RANGEFINDER_ANALOG_ENABLED
Removing AP_RANGEFINDER_ANALOG_ENABLED
Removing AP_WINCH_DAIWA_ENABLED
Removing AP_WINCH_DAIWA_ENABLED
Removing HAL_WITH_FRSKY_TELEM_BIDIRECTIONAL
Removing HAL_WITH_FRSKY_TELEM_BIDIRECTIONAL
Removing AP_PERIPH_SERIAL_OPTIONS_ENABLED
Removing AP_PERIPH_SERIAL_OPTIONS_ENABLED
Removing AP_WINCH_ENABLED
Removing AP_WINCH_ENABLED
Removing AP_PLANE_SYSTEMID_ENABLED
Removing AP_PLANE_SYSTEMID_ENABLED
Removing AP_BOOTLOADER_FLASHING_ENABLED
Removing AP_BOOTLOADER_FLASHING_ENABLED
Removing AC_PAYLOAD_PLACE_ENABLED
Removing AC_PAYLOAD_PLACE_ENABLED
Removing AP_NETWORKING_BACKEND_PPP
Removing AP_NETWORKING_BACKEND_PPP
Removing AP_CPU_IDLE_STATS_ENABLED
Removing AP_CPU_IDLE_STATS_ENABLED
Removing AP_RPM_ENABLED
Removing AP_RPM_ENABLED
Removing AP_COMPASS_EXTERNALAHRS_ENABLED
Removing AP_COMPASS_EXTERNALAHRS_ENABLED
Removing AP_CAN_SLCAN_ENABLED
Removing AP_CAN_SLCAN_ENABLED
Removing AP_RANGEFINDER_TERARANGER_SERIAL_ENABLED
Removing AP_RANGEFINDER_TERARANGER_SERIAL_ENABLED
Removing AP_AIRSPEED_ENABLED
Removing AP_AIRSPEED_ENABLED
Removing HAL_SOARING_ENABLED
Removing HAL_SOARING_ENABLED
Removing HAL_EFI_ENABLED
Removing HAL_EFI_ENABLED
Removing MODE_GUIDED_NOGPS_ENABLED
Removing MODE_GUIDED_NOGPS_ENABLED
Removing AP_GPS_SIRF_ENABLED
Removing AP_GPS_SIRF_ENABLED
Removing AP_EFI_DRONECAN_ENABLED
Removing AP_EFI_DRONECAN_ENABLED
Removing AP_BATTERY_SYNTHETIC_CURRENT_ENABLED
Removing AP_BATTERY_SYNTHETIC_CURRENT_ENABLED
Removing AP_RPM_DRONECAN_ENABLED
Removing AP_RPM_DRONECAN_ENABLED
Removing AP_OPTICALFLOW_CXOF_ENABLED
Removing AP_OPTICALFLOW_CXOF_ENABLED
Removing AP_PERIPH_DEVICE_TEMPERATURE_ENABLED
Removing AP_PERIPH_DEVICE_TEMPERATURE_ENABLED
Removing AP_AIRSPEED_MS5525_ENABLED
Removing AP_AIRSPEED_MS5525_ENABLED
Removing AC_POLYFENCE_FENCE_POINT_PROTOCOL_SUPPORT
Removing AC_POLYFENCE_FENCE_POINT_PROTOCOL_SUPPORT
Removing AP_NETWORKING_CAPTURE_ENABLED
Removing AP_NETWORKING_CAPTURE_ENABLED
Removing AP_MAVLINK_MSG_FLIGHT_INFORMATION_ENABLED
Removing AP_MAVLINK_MSG_FLIGHT_INFORMATION_ENABLED
Removing MODE_FLOWHOLD_ENABLED
Removing MODE_FLOWHOLD_ENABLED
Removing AP_FRSKY_D_TELEM_ENABLED
Removing AP_FRSKY_D_TELEM_ENABLED
Removing HAL_VISUALODOM_ENABLED
Removing HAL_VISUALODOM_ENABLED
Removing HAL_SPEKTRUM_TELEM_ENABLED
Removing HAL_SPEKTRUM_TELEM_ENABLED
Removing AP_RANGEFINDER_BENEWAKE_TFS20L_ENABLED
Removing AP_RANGEFINDER_BENEWAKE_TFS20L_ENABLED
Removing AP_RC_TRANSMITTER_TUNING_ENABLED
Removing AP_RC_TRANSMITTER_TUNING_ENABLED
Removing AP_COMPASS_ICM20948_ENABLED
Removing AP_COMPASS_ICM20948_ENABLED
Removing MODE_TURTLE_ENABLED
Removing MODE_TURTLE_ENABLED
Removing AP_MAVLINK_MSG_MISSION_REQUEST_ENABLED
Removing AP_MAVLINK_MSG_MISSION_REQUEST_ENABLED
Removing HAL_TORQEEDO_ENABLED
Removing HAL_TORQEEDO_ENABLED
Removing AP_CAMERA_ENABLED
Removing AP_CAMERA_ENABLED
Removing AP_MAVLINK_SERVO_RELAY_ENABLED
Removing AP_MAVLINK_SERVO_RELAY_ENABLED
Removing AP_TEMPERATURE_SENSOR_TSYS03_ENABLED
Removing AP_TEMPERATURE_SENSOR_TSYS03_ENABLED
Removing AP_TEMPERATURE_SENSOR_MCP9600_ENABLED
Removing AP_TEMPERATURE_SENSOR_MCP9600_ENABLED
Removing AP_BARO_MS5837_ENABLED
Removing AP_BARO_MS5837_ENABLED
Removing AP_NOTIFY_TONEALARM_ENABLED
Removing AP_NOTIFY_TONEALARM_ENABLED
Removing AC_POLYFENCE_CIRCLE_INT_SUPPORT_ENABLED
Removing AC_POLYFENCE_CIRCLE_INT_SUPPORT_ENABLED
Removing HAL_GYROFFT_ENABLED
Removing HAL_GYROFFT_ENABLED
Removing AP_PLANE_BLACKBOX_LOGGING
Removing AP_PLANE_BLACKBOX_LOGGING
Removing AP_RANGEFINDER_LIGHTWARE_GRF_ENABLED
Removing AP_RANGEFINDER_LIGHTWARE_GRF_ENABLED
Removing AP_RANGEFINDER_LWI2C_ENABLED
Removing AP_RANGEFINDER_LWI2C_ENABLED
Removing AP_MAVLINK_RALLY_POINT_PROTOCOL_ENABLED
Removing AP_MAVLINK_RALLY_POINT_PROTOCOL_ENABLED
Removing AP_GPS_SBP2_ENABLED
Removing AP_GPS_SBP2_ENABLED
Removing AP_OPTICALFLOW_ENABLED
Removing AP_OPTICALFLOW_ENABLED
Removing AP_BATTERY_FUELLEVEL_PWM_ENABLED
Removing AP_BATTERY_FUELLEVEL_PWM_ENABLED
Removing HAL_NAVEKF3_AVAILABLE
Removing HAL_NAVEKF3_AVAILABLE
Removing AP_FILESYSTEM_SYS_ENABLED
Removing AP_FILESYSTEM_SYS_ENABLED
Removing AP_NOTIFY_PROFILED_SPI_ENABLED
Removing AP_NOTIFY_PROFILED_SPI_ENABLED
Removing AP_PERIPH_MAG_ENABLED
Removing AP_PERIPH_MAG_ENABLED
Removing AP_INERTIALSENSOR_KILL_IMU_ENABLED
Removing AP_INERTIALSENSOR_KILL_IMU_ENABLED
Removing AP_PROXIMITY_LIGHTWARE_SF40C_ENABLED
Removing AP_PROXIMITY_LIGHTWARE_SF40C_ENABLED
Removing HAL_CRSF_TELEM_TEXT_SELECTION_ENABLED
Removing HAL_CRSF_TELEM_TEXT_SELECTION_ENABLED
Removing AP_GPS_UBLOX_ENABLED
Removing AP_GPS_UBLOX_ENABLED
Removing AP_WINCH_PWM_ENABLED
Removing AP_WINCH_PWM_ENABLED
Removing HAL_MOUNT_ALEXMOS_ENABLED
Removing HAL_MOUNT_ALEXMOS_ENABLED
Removing AP_AIRSPEED_DRONECAN_ENABLED
Removing AP_AIRSPEED_DRONECAN_ENABLED
Removing HAL_GENERATOR_ENABLED
Removing HAL_GENERATOR_ENABLED
Removing AP_SCRIPTING_BINDING_MOTORS_ENABLED
Removing AP_SCRIPTING_BINDING_MOTORS_ENABLED
Removing HAL_PERIPH_SUPPORT_LONG_CAN_PRINTF
Removing HAL_PERIPH_SUPPORT_LONG_CAN_PRINTF
Removing AP_MOTORS_FRAME_DODECAHEXA_ENABLED
Removing AP_MOTORS_FRAME_DODECAHEXA_ENABLED
Removing AP_PERIPH_NOTIFY_ENABLED
Removing AP_PERIPH_NOTIFY_ENABLED
Removing AP_CAN_LOGGING_ENABLED
Removing AP_CAN_LOGGING_ENABLED
Removing HAL_MOUNT_STORM32MAVLINK_ENABLED
Removing HAL_MOUNT_STORM32MAVLINK_ENABLED
Removing AP_NOTIFY_NCP5623_ENABLED
Removing AP_NOTIFY_NCP5623_ENABLED
Removing HAL_PROXIMITY_ENABLED
Removing HAL_PROXIMITY_ENABLED
Removing AP_PLANE_GLIDER_PULLUP_ENABLED
Removing AP_PLANE_GLIDER_PULLUP_ENABLED
Removing HAL_WITH_MSP_DISPLAYPORT
Removing HAL_WITH_MSP_DISPLAYPORT
Removing AP_BARO_MS5607_ENABLED
Removing AP_BARO_MS5607_ENABLED
Removing AP_ADVANCEDFAILSAFE_ENABLED
Removing AP_ADVANCEDFAILSAFE_ENABLED
Removing AP_BATTERY_WATT_MAX_ENABLED
Removing AP_BATTERY_WATT_MAX_ENABLED
Removing AP_FOLLOW_ENABLED
Removing AP_FOLLOW_ENABLED
Removing AP_AIRSPEED_NMEA_ENABLED
Removing AP_AIRSPEED_NMEA_ENABLED
Removing AP_MAVLINK_MSG_DEVICE_OP_ENABLED
Removing AP_MAVLINK_MSG_DEVICE_OP_ENABLED
Removing AP_COMPASS_DRONECAN_ENABLED
Removing AP_COMPASS_DRONECAN_ENABLED
Removing AP_BATTERY_ESC_TELEM_OUTBOUND_ENABLED
Removing AP_BATTERY_ESC_TELEM_OUTBOUND_ENABLED
Removing AP_COMPASS_IIS2MDC_ENABLED
Removing AP_COMPASS_IIS2MDC_ENABLED
Removing AP_RANGEFINDER_USD1_CAN_ENABLED
Removing AP_RANGEFINDER_USD1_CAN_ENABLED
Removing AP_SBUSOUTPUT_ENABLED
Removing AP_SBUSOUTPUT_ENABLED
Removing AP_COMPASS_MAG3110_ENABLED
Removing AP_COMPASS_MAG3110_ENABLED
Removing AP_RANGEFINDER_VL53L0X_ENABLED
Removing AP_RANGEFINDER_VL53L0X_ENABLED
Removing AP_MAVLINK_FTP_ENABLED
Removing AP_MAVLINK_FTP_ENABLED
Removing AP_DRONECAN_HOBBYWING_ESC_SUPPORT
Removing AP_DRONECAN_HOBBYWING_ESC_SUPPORT
Removing AP_MAVLINK_SIGNING_ENABLED
Removing AP_MAVLINK_SIGNING_ENABLED
Removing HAL_NMEA_OUTPUT_ENABLED
Removing HAL_NMEA_OUTPUT_ENABLED
Removing AP_INERTIALSENSOR_FAST_SAMPLE_WINDOW_ENABLED
Removing AP_INERTIALSENSOR_FAST_SAMPLE_WINDOW_ENABLED
Removing AP_COMPASS_LIS3MDL_ENABLED
Removing AP_COMPASS_LIS3MDL_ENABLED
Removing AP_TEMPERATURE_SENSOR_MLX90614_ENABLED
Removing AP_TEMPERATURE_SENSOR_MLX90614_ENABLED
Removing HAL_RALLY_ENABLED
Removing HAL_RALLY_ENABLED
Removing AP_RCPROTOCOL_SBUS_ENABLED
Removing AP_RCPROTOCOL_SBUS_ENABLED
Removing HAL_HOTT_TELEM_ENABLED
Removing HAL_HOTT_TELEM_ENABLED
Removing AP_NOTIFY_MAVLINK_PLAY_TUNE_SUPPORT_ENABLED
Removing AP_NOTIFY_MAVLINK_PLAY_TUNE_SUPPORT_ENABLED
Removing AP_RANGEFINDER_ENABLED
Removing AP_RANGEFINDER_ENABLED
Removing AP_COMPASS_QMC5883L_ENABLED
Removing AP_COMPASS_QMC5883L_ENABLED
Removing AP_OPTICALFLOW_HEREFLOW_ENABLED
Removing AP_OPTICALFLOW_HEREFLOW_ENABLED
Removing AP_RCPROTOCOL_MAVLINK_RADIO_ENABLED
Removing AP_RCPROTOCOL_MAVLINK_RADIO_ENABLED
Removing AP_PERIPH_EFI_ENABLED
Removing AP_PERIPH_EFI_ENABLED
Removing AP_RANGEFINDER_BENEWAKE_TFMINI_ENABLED
Removing AP_RANGEFINDER_BENEWAKE_TFMINI_ENABLED
Removing AP_PROXIMITY_TERARANGERTOWER_ENABLED
Removing AP_PROXIMITY_TERARANGERTOWER_ENABLED
Removing AP_MAVLINK_MAV_CMD_REQUEST_AUTOPILOT_CAPABILITIES_ENABLED
Removing AP_MAVLINK_MAV_CMD_REQUEST_AUTOPILOT_CAPABILITIES_ENABLED
Removing AP_CAMERA_INFO_FROM_SCRIPT_ENABLED
Removing AP_CAMERA_INFO_FROM_SCRIPT_ENABLED
Removing AP_RPM_EFI_ENABLED
Removing AP_RPM_EFI_ENABLED
Removing AP_MAVLINK_MSG_RC_CHANNELS_RAW_ENABLED
Removing AP_MAVLINK_MSG_RC_CHANNELS_RAW_ENABLED
Removing AP_MOTORS_FRAME_DECA_ENABLED
Removing AP_MOTORS_FRAME_DECA_ENABLED
Removing AP_OPTICALFLOW_MAV_ENABLED
Removing AP_OPTICALFLOW_MAV_ENABLED
Removing AP_RANGEFINDER_MAXBOTIX_SERIAL_ENABLED
Removing AP_RANGEFINDER_MAXBOTIX_SERIAL_ENABLED
Removing AP_CAMERA_MAVLINK_ENABLED
Removing AP_CAMERA_MAVLINK_ENABLED
Removing QAUTOTUNE_ENABLED
Removing QAUTOTUNE_ENABLED
Removing AP_CAMERA_MOUNT_ENABLED
Removing AP_CAMERA_MOUNT_ENABLED
Removing EK3_FEATURE_OPTFLOW_FUSION
Removing EK3_FEATURE_OPTFLOW_FUSION
Removing AP_CAMERA_MAVLINKCAMV2_ENABLED
Removing AP_CAMERA_MAVLINKCAMV2_ENABLED
Removing AP_RANGEFINDER_VL53L1X_ENABLED
Removing AP_RANGEFINDER_VL53L1X_ENABLED
Removing AP_BARO_EXTERNALAHRS_ENABLED
Removing AP_BARO_EXTERNALAHRS_ENABLED
Removing MODE_SYSTEMID_ENABLED
Removing MODE_SYSTEMID_ENABLED
Removing AP_COMPASS_LSM9DS1_ENABLED
Removing AP_COMPASS_LSM9DS1_ENABLED
Removing AP_BARO_THST_COMP_ENABLED
Removing AP_BARO_THST_COMP_ENABLED
Removing AP_SERIALMANAGER_REGISTER_ENABLED
Removing AP_SERIALMANAGER_REGISTER_ENABLED
Removing AP_NETWORKING_CAN_MCAST_ENABLED
Removing AP_NETWORKING_CAN_MCAST_ENABLED
Removing AP_RCPROTOCOL_ST24_ENABLED
Removing AP_RCPROTOCOL_ST24_ENABLED
Removing AP_GPS_GSOF_ENABLED
Removing AP_GPS_GSOF_ENABLED
Removing AP_AIRSPEED_AUAV_ENABLED
Removing AP_AIRSPEED_AUAV_ENABLED
Removing AP_PLANE_OFFBOARD_GUIDED_SLEW_ENABLED
Removing AP_PLANE_OFFBOARD_GUIDED_SLEW_ENABLED
Removing AP_PROXIMITY_MR72_ENABLED
Removing AP_PROXIMITY_MR72_ENABLED
Removing AP_MSP_INAV_FONTS_ENABLED
Removing AP_MSP_INAV_FONTS_ENABLED
Removing AP_COMPASS_MSP_ENABLED
Removing AP_COMPASS_MSP_ENABLED
Removing HAL_ADSB_UAVIONIX_MAVLINK_ENABLED
Removing HAL_ADSB_UAVIONIX_MAVLINK_ENABLED
Removing AP_ADSB_AVOIDANCE_ENABLED
Removing AP_ADSB_AVOIDANCE_ENABLED
Removing AP_RANGEFINDER_BENEWAKE_CAN_ENABLED
Removing AP_RANGEFINDER_BENEWAKE_CAN_ENABLED
Removing AP_EXTERNAL_AHRS_ENABLED
Removing AP_EXTERNAL_AHRS_ENABLED
Removing AP_EFI_NWPWU_ENABLED
Removing AP_EFI_NWPWU_ENABLED
Removing AP_EXTENDED_ESC_TELEM_ENABLED
Removing AP_EXTENDED_ESC_TELEM_ENABLED
Removing AP_PERIPH_MSP_ENABLED
Removing AP_PERIPH_MSP_ENABLED
Removing HAL_SOLO_GIMBAL_ENABLED
Removing HAL_SOLO_GIMBAL_ENABLED
Removing AP_RCPROTOCOL_SRXL_ENABLED
Removing AP_RCPROTOCOL_SRXL_ENABLED
Removing AP_RANGEFINDER_USD1_SERIAL_ENABLED
Removing AP_RANGEFINDER_USD1_SERIAL_ENABLED
Removing AP_AIRSPEED_ANALOG_ENABLED
Removing AP_AIRSPEED_ANALOG_ENABLED
Removing AP_EXTERNAL_AHRS_MICROSTRAIN7_ENABLED
Removing AP_EXTERNAL_AHRS_MICROSTRAIN7_ENABLED
Removing AP_RANGEFINDER_TOFSENSEF_I2C_ENABLED
Removing AP_RANGEFINDER_TOFSENSEF_I2C_ENABLED
Removing AP_BARO_BMP280_ENABLED
Removing AP_BARO_BMP280_ENABLED
Removing HAL_MOUNT_SERVO_ENABLED
Removing HAL_MOUNT_SERVO_ENABLED
Removing AP_MOTORS_TRI_ENABLED
Removing AP_MOTORS_TRI_ENABLED
Removing AP_AIRSPEED_SDP3X_ENABLED
Removing AP_AIRSPEED_SDP3X_ENABLED
Removing AP_BARO_MS5637_ENABLED
Removing AP_BARO_MS5637_ENABLED
Removing AP_COMPASS_MMC5XX3_ENABLED
Removing AP_COMPASS_MMC5XX3_ENABLED
Removing HAL_PARACHUTE_ENABLED
Removing HAL_PARACHUTE_ENABLED
Removing AP_PERIPH_BATTERY_BMS_ENABLED
Removing AP_PERIPH_BATTERY_BMS_ENABLED
Removing AP_FETTEC_ONEWIRE_ENABLED
Removing AP_FETTEC_ONEWIRE_ENABLED
Removing AP_RANGEFINDER_WASP_ENABLED
Removing AP_RANGEFINDER_WASP_ENABLED
Removing AP_GPS_NOVA_ENABLED
Removing AP_GPS_NOVA_ENABLED
Removing AP_MOTORS_FRAME_Y6_ENABLED
Removing AP_MOTORS_FRAME_Y6_ENABLED
Removing AP_OPTICALFLOW_UPFLOW_ENABLED
Removing AP_OPTICALFLOW_UPFLOW_ENABLED
Removing AP_RPM_PIN_ENABLED
Removing AP_RPM_PIN_ENABLED
Removing AP_RANGEFINDER_NMEA_ENABLED
Removing AP_RANGEFINDER_NMEA_ENABLED
Removing AP_PERIPH_PROXIMITY_ENABLED
Removing AP_PERIPH_PROXIMITY_ENABLED
Removing AP_DRONECAN_SEND_GPS
Removing AP_DRONECAN_SEND_GPS
Removing MODE_FOLLOW_ENABLED
Removing MODE_FOLLOW_ENABLED
Removing COMPASS_CAL_ENABLED
Removing COMPASS_CAL_ENABLED
Removing AP_PROXIMITY_MAV_ENABLED
Removing AP_PROXIMITY_MAV_ENABLED
Removing HAL_MOUNT_TOPOTEK_ENABLED
Removing HAL_MOUNT_TOPOTEK_ENABLED
Removing AP_RCPROTOCOL_SRXL2_ENABLED
Removing AP_RCPROTOCOL_SRXL2_ENABLED
Removing AP_RCPROTOCOL_GHST_ENABLED
Removing AP_RCPROTOCOL_GHST_ENABLED
Removing AP_BARO_KELLERLD_ENABLED
Removing AP_BARO_KELLERLD_ENABLED
Removing AP_VOLZ_ENABLED
Removing AP_VOLZ_ENABLED
Removing AP_FILESYSTEM_FORMAT_ENABLED
Removing AP_FILESYSTEM_FORMAT_ENABLED
Removing AP_SDCARD_STORAGE_ENABLED
Removing AP_SDCARD_STORAGE_ENABLED
Removing AP_AIRSPEED_MSP_ENABLED
Removing AP_AIRSPEED_MSP_ENABLED
Removing AP_KDECAN_ENABLED
Removing AP_KDECAN_ENABLED
Removing AP_GPS_ERB_ENABLED
Removing AP_GPS_ERB_ENABLED
Removing AP_NOTIFY_PROFILED_ENABLED
Removing AP_NOTIFY_PROFILED_ENABLED
Removing HAL_MSP_ENABLED
Removing HAL_MSP_ENABLED
Removing AP_INERTIALSENSOR_BATCHSAMPLER_ENABLED
Removing AP_INERTIALSENSOR_BATCHSAMPLER_ENABLED
Removing AP_FILESYSTEM_ROMFS_ENABLED
Removing AP_FILESYSTEM_ROMFS_ENABLED
Removing AP_EXTERNAL_AHRS_VECTORNAV_ENABLED
Removing AP_EXTERNAL_AHRS_VECTORNAV_ENABLED
Removing AP_AIRSPEED_DLVR_ENABLED
Removing AP_AIRSPEED_DLVR_ENABLED
Removing AP_DDS_ENABLED
Removing AP_DDS_ENABLED
Removing AP_BATTERY_SMBUS_ENABLED
Removing AP_BATTERY_SMBUS_ENABLED
Removing AP_PERIPH_RPM_ENABLED
Removing AP_PERIPH_RPM_ENABLED
Removing AP_RANGEFINDER_MAXSONARI2CXL_ENABLED
Removing AP_RANGEFINDER_MAXSONARI2CXL_ENABLED
Removing AP_RANGEFINDER_JRE_SERIAL_ENABLED
Removing AP_RANGEFINDER_JRE_SERIAL_ENABLED
Removing AP_PROXIMITY_DRONECAN_ENABLED
Removing AP_PROXIMITY_DRONECAN_ENABLED
Removing AP_COMPASS_MMC3416_ENABLED
Removing AP_COMPASS_MMC3416_ENABLED
Removing AP_PROXIMITY_LIGHTWARE_SF45B_ENABLED
Removing AP_PROXIMITY_LIGHTWARE_SF45B_ENABLED
Removing AP_SERVO_TELEM_ENABLED
Removing AP_SERVO_TELEM_ENABLED
Removing AP_BARO_LPS2XH_ENABLED
Removing AP_BARO_LPS2XH_ENABLED
Removing AP_PROXIMITY_HEXSOONRADAR_ENABLED
Removing AP_PROXIMITY_HEXSOONRADAR_ENABLED
Removing AP_RANGEFINDER_PWM_ENABLED
Removing AP_RANGEFINDER_PWM_ENABLED
Removing HAL_MOUNT_XFROBOT_ENABLED
Removing HAL_MOUNT_XFROBOT_ENABLED
Removing AP_MISSION_NAV_PAYLOAD_PLACE_ENABLED
Removing AP_MISSION_NAV_PAYLOAD_PLACE_ENABLED
Removing AP_NOTIFY_NEOPIXEL_ENABLED
Removing AP_NOTIFY_NEOPIXEL_ENABLED
Removing AP_EXTERNAL_AHRS_SENSAITION_ENABLED
Removing AP_EXTERNAL_AHRS_SENSAITION_ENABLED
Removing AP_ICENGINE_ENABLED
Removing AP_ICENGINE_ENABLED
Removing MODE_BRAKE_ENABLED
Removing MODE_BRAKE_ENABLED
Removing AP_PROXIMITY_RPLIDARA2_ENABLED
Removing AP_PROXIMITY_RPLIDARA2_ENABLED
Removing AP_TEMPERATURE_SENSOR_ENABLED
Removing AP_TEMPERATURE_SENSOR_ENABLED
Removing AP_LTM_TELEM_ENABLED
Removing AP_LTM_TELEM_ENABLED
Removing AP_CAMERA_SERVO_ENABLED
Removing AP_CAMERA_SERVO_ENABLED
Removing AP_MOUNT_POI_LOCK_ENABLED
Removing AP_MOUNT_POI_LOCK_ENABLED
Removing AP_INERTIALSENSOR_HARMONICNOTCH_ENABLED
Removing AP_INERTIALSENSOR_HARMONICNOTCH_ENABLED
Removing AP_EXTERNAL_AHRS_MICROSTRAIN5_ENABLED
Removing AP_EXTERNAL_AHRS_MICROSTRAIN5_ENABLED
Removing AP_RANGEFINDER_RDS02UF_ENABLED
Removing AP_RANGEFINDER_RDS02UF_ENABLED
Removing AP_TEMPCALIBRATION_ENABLED
Removing AP_TEMPCALIBRATION_ENABLED
Removing AP_COMPASS_DRONECAN_HIRES_ENABLED
Removing AP_COMPASS_DRONECAN_HIRES_ENABLED
Removing HAL_OSD_SIDEBAR_ENABLE
Removing HAL_OSD_SIDEBAR_ENABLE
Removing HAL_MSP_SENSORS_ENABLED
Removing HAL_MSP_SENSORS_ENABLED
Removing AP_EFI_CURRAWONG_ECU_ENABLED
Removing AP_EFI_CURRAWONG_ECU_ENABLED
Removing AP_EXTERNAL_AHRS_SBG_ENABLED
Removing AP_EXTERNAL_AHRS_SBG_ENABLED
Removing AP_PROXIMITY_TERARANGERTOWEREVO_ENABLED
Removing AP_PROXIMITY_TERARANGERTOWEREVO_ENABLED
Removing AP_COMPASS_AK8963_ENABLED
Removing AP_COMPASS_AK8963_ENABLED
Removing HAL_MSP_RANGEFINDER_ENABLED
Removing HAL_MSP_RANGEFINDER_ENABLED
Removing HAL_ADSB_UCP_ENABLED
Removing HAL_ADSB_UCP_ENABLED
Removing AP_PERIPH_RELAY_ENABLED
Removing AP_PERIPH_RELAY_ENABLED
Removing AP_RANGEFINDER_BENEWAKE_TF02_ENABLED
Removing AP_RANGEFINDER_BENEWAKE_TF02_ENABLED
Removing AP_BARO_FBM320_ENABLED
Removing AP_BARO_FBM320_ENABLED
Removing AP_PERIPH_RCIN_ENABLED
Removing AP_PERIPH_RCIN_ENABLED
Removing AP_COPTER_ADVANCED_FAILSAFE_ENABLED
Removing AP_COPTER_ADVANCED_FAILSAFE_ENABLED
Removing AP_GENERATOR_IE_650_800_ENABLED
Removing AP_GENERATOR_IE_650_800_ENABLED
Removing AP_RANGEFINDER_BENEWAKE_TF03_ENABLED
Removing AP_RANGEFINDER_BENEWAKE_TF03_ENABLED
Removing AP_PERIPH_BARO_ENABLED
Removing AP_PERIPH_BARO_ENABLED
Removing AP_MAVLINK_MSG_RANGEFINDER_SENDING_ENABLED
Removing AP_MAVLINK_MSG_RANGEFINDER_SENDING_ENABLED
Removing AP_VIDEOTX_ENABLED
Removing AP_VIDEOTX_ENABLED
Removing AP_SERIALMANAGER_IMUOUT_ENABLED
Removing AP_SERIALMANAGER_IMUOUT_ENABLED
Removing AP_CAMERA_RELAY_ENABLED
Removing AP_CAMERA_RELAY_ENABLED
Removing AP_CUSTOMROTATIONS_ENABLED
Removing AP_CUSTOMROTATIONS_ENABLED
Removing AC_PRECLAND_ENABLED
Removing AC_PRECLAND_ENABLED
Removing AP_RANGEFINDER_LEDDARONE_ENABLED
Removing AP_RANGEFINDER_LEDDARONE_ENABLED
Removing AP_BATTERY_FUELLEVEL_ANALOG_ENABLED
Removing AP_BATTERY_FUELLEVEL_ANALOG_ENABLED
Removing AP_COMPASS_BMM150_ENABLED
Removing AP_COMPASS_BMM150_ENABLED
Removing OSD_ENABLED
Removing OSD_ENABLED
Removing FORCE_APJ_DEFAULT_PARAMETERS
Removing FORCE_APJ_DEFAULT_PARAMETERS
Removing AP_RANGEFINDER_DRONECAN_ENABLED
Removing AP_RANGEFINDER_DRONECAN_ENABLED
Removing AP_FILTER_ENABLED
Removing AP_FILTER_ENABLED
Removing AP_RELAY_ENABLED
Removing AP_RELAY_ENABLED
Removing AP_RANGEFINDER_LEDDARVU8_ENABLED
Removing AP_RANGEFINDER_LEDDARVU8_ENABLED
Removing AP_MAVLINK_MAV_CMD_SET_HAGL_ENABLED
Removing AP_MAVLINK_MAV_CMD_SET_HAGL_ENABLED
Removing MODE_ZIGZAG_ENABLED
Removing MODE_ZIGZAG_ENABLED
Removing AP_RCPROTOCOL_IBUS_ENABLED
Removing AP_RCPROTOCOL_IBUS_ENABLED
Removing AP_MOTORS_FRAME_QUAD_ENABLED
Removing AP_MOTORS_FRAME_QUAD_ENABLED
Removing GPS_MOVING_BASELINE
Removing GPS_MOVING_BASELINE
Removing AP_MOTORS_FRAME_OCTAQUAD_ENABLED
Removing AP_MOTORS_FRAME_OCTAQUAD_ENABLED
Removing HAL_MOUNT_XACTI_ENABLED
Removing HAL_MOUNT_XACTI_ENABLED
Removing AP_PERIPH_BATTERY_TAG_ENABLED
Removing AP_PERIPH_BATTERY_TAG_ENABLED
Removing MODE_FLIP_ENABLED
Removing MODE_FLIP_ENABLED
Removing AP_RANGEFINDER_MAVLINK_ENABLED
Removing AP_RANGEFINDER_MAVLINK_ENABLED
Removing AP_COPTER_AHRS_AUTO_TRIM_ENABLED
Removing AP_COPTER_AHRS_AUTO_TRIM_ENABLED
Removing AP_PERIPH_RC_OUT_ENABLED
Removing AP_PERIPH_RC_OUT_ENABLED
Removing AP_BARO_BMP085_ENABLED
Removing AP_BARO_BMP085_ENABLED
Removing AP_CAMERA_SEND_THERMAL_RANGE_ENABLED
Removing AP_CAMERA_SEND_THERMAL_RANGE_ENABLED
Removing AP_GENERATOR_LOWEHEISER_ENABLED
Removing AP_GENERATOR_LOWEHEISER_ENABLED
Removing HAL_ADSB_ENABLED
Removing HAL_ADSB_ENABLED
Removing AP_MOTORS_FRAME_HEXA_ENABLED
Removing AP_MOTORS_FRAME_HEXA_ENABLED
Removing AP_PERIPH_BATTERY_ENABLED
Removing AP_PERIPH_BATTERY_ENABLED
Removing HAL_QUADPLANE_ENABLED
Removing HAL_QUADPLANE_ENABLED
Removing AP_PROXIMITY_RANGEFINDER_ENABLED
Removing AP_PROXIMITY_RANGEFINDER_ENABLED
Removing AP_RSSI_ENABLED
Removing AP_RSSI_ENABLED
Removing AP_EFI_SERIAL_MS_ENABLED
Removing AP_EFI_SERIAL_MS_ENABLED
Removing AP_AVOIDANCE_ENABLED
Removing AP_AVOIDANCE_ENABLED
Removing AP_RANGEFINDER_LIGHTWARE_SERIAL_ENABLED
Removing AP_RANGEFINDER_LIGHTWARE_SERIAL_ENABLED
Removing AP_RPM_ESC_TELEM_ENABLED
Removing AP_RPM_ESC_TELEM_ENABLED
Removing HAL_INS_TEMPERATURE_CAL_ENABLE
Removing HAL_INS_TEMPERATURE_CAL_ENABLE
Removing AP_GENERATOR_CORTEX_ENABLED
Removing AP_GENERATOR_CORTEX_ENABLED
Removing HAL_ADSB_SAGETECH_ENABLED
Removing HAL_ADSB_SAGETECH_ENABLED
Removing AP_FRSKY_SPORT_TELEM_ENABLED
Removing AP_FRSKY_SPORT_TELEM_ENABLED
Removing AP_GPS_NMEA_ENABLED
Removing AP_GPS_NMEA_ENABLED
Removing AP_OPTICALFLOW_PX4FLOW_ENABLED
Removing AP_OPTICALFLOW_PX4FLOW_ENABLED
Removing AP_DRONECAN_HIMARK_SERVO_SUPPORT
Removing AP_DRONECAN_HIMARK_SERVO_SUPPORT
Removing AP_NOTIFY_MAVLINK_LED_CONTROL_SUPPORT_ENABLED
Removing AP_NOTIFY_MAVLINK_LED_CONTROL_SUPPORT_ENABLED
Removing EK3_FEATURE_OPTFLOW_SRTM
Removing EK3_FEATURE_OPTFLOW_SRTM
Removing HAL_MOUNT_SIYI_ENABLED
Removing HAL_MOUNT_SIYI_ENABLED
Removing AP_SMARTAUDIO_ENABLED
Removing AP_SMARTAUDIO_ENABLED
Removing HAL_NAVEKF2_AVAILABLE
Removing HAL_NAVEKF2_AVAILABLE
Removing AP_COMPASS_IST8308_ENABLED
Removing AP_COMPASS_IST8308_ENABLED
Removing AC_PRECLAND_IRLOCK_ENABLED
Removing AC_PRECLAND_IRLOCK_ENABLED
Removing AP_TEMPERATURE_SENSOR_SHT3X_ENABLED
Removing AP_TEMPERATURE_SENSOR_SHT3X_ENABLED
Removing AP_BATTERY_FUELFLOW_ENABLED
Removing AP_BATTERY_FUELFLOW_ENABLED
Removing AP_GPS_BLENDED_ENABLED
Removing AP_GPS_BLENDED_ENABLED
Removing HAL_BARO_WIND_COMP_ENABLED
Removing HAL_BARO_WIND_COMP_ENABLED
Removing AP_RPM_HARMONICNOTCH_ENABLED
Removing AP_RPM_HARMONICNOTCH_ENABLED
Removing AP_ROBOTISSERVO_ENABLED
Removing AP_ROBOTISSERVO_ENABLED
Removing AP_AVOIDANCE_ALTHOLD_ENABLED
Removing AP_AVOIDANCE_ALTHOLD_ENABLED
Removing COMPASS_LEARN_ENABLED
Removing COMPASS_LEARN_ENABLED
Removing AP_RANGEFINDER_TOFSENSEP_CAN_ENABLED
Removing AP_RANGEFINDER_TOFSENSEP_CAN_ENABLED
Removing AP_RANGEFINDER_LANBAO_ENABLED
Removing AP_RANGEFINDER_LANBAO_ENABLED
Removing HAL_LANDING_DEEPSTALL_ENABLED
Removing HAL_LANDING_DEEPSTALL_ENABLED
Removing AP_COMPASS_LSM303D_ENABLED
Removing AP_COMPASS_LSM303D_ENABLED
Removing AP_SERVORELAYEVENTS_ENABLED
Removing AP_SERVORELAYEVENTS_ENABLED
Removing HAL_MOUNT_MAVLINK_ENABLED
Removing HAL_MOUNT_MAVLINK_ENABLED
Removing AP_FRSKY_SPORT_PASSTHROUGH_ENABLED
Removing AP_FRSKY_SPORT_PASSTHROUGH_ENABLED
Removing AP_SCRIPTING_ENABLED
Removing AP_SCRIPTING_ENABLED
Removing AP_RANGEFINDER_NRA24_CAN_ENABLED
Removing AP_RANGEFINDER_NRA24_CAN_ENABLED
Removing AP_RCPROTOCOL_SUMD_ENABLED
Removing AP_RCPROTOCOL_SUMD_ENABLED
Removing HAL_LOGGING_ENABLED
Removing HAL_LOGGING_ENABLED
Removing AP_RANGEFINDER_PULSEDLIGHTLRF_ENABLED
Removing AP_RANGEFINDER_PULSEDLIGHTLRF_ENABLED
Removing AP_DRONECAN_VOLZ_FEEDBACK_ENABLED
Removing AP_DRONECAN_VOLZ_FEEDBACK_ENABLED
Removing HAL_MOUNT_CADDX_ENABLED
Removing HAL_MOUNT_CADDX_ENABLED
Removing HAL_MOUNT_VIEWPRO_ENABLED
Removing HAL_MOUNT_VIEWPRO_ENABLED
Removing AP_EFI_SERIAL_LUTAN_ENABLED
Removing AP_EFI_SERIAL_LUTAN_ENABLED
Removing AP_PICCOLOCAN_ENABLED
Removing AP_PICCOLOCAN_ENABLED
Removing AP_RCPROTOCOL_PPMSUM_ENABLED
Removing AP_RCPROTOCOL_PPMSUM_ENABLED
Removing AP_RANGEFINDER_BLPING_ENABLED
Removing AP_RANGEFINDER_BLPING_ENABLED
Removing AP_BEACON_ENABLED
Removing AP_BEACON_ENABLED
Removing AP_OSD_LINK_STATS_EXTENSIONS_ENABLED
Removing AP_OSD_LINK_STATS_EXTENSIONS_ENABLED
Removing AP_COMPASS_CALIBRATION_FIXED_YAW_ENABLED
Removing AP_COMPASS_CALIBRATION_FIXED_YAW_ENABLED
Removing AP_BARO_SPL06_ENABLED
Removing AP_BARO_SPL06_ENABLED
Removing AP_TEMPERATURE_SENSOR_TMP119_ENABLED
Removing AP_TEMPERATURE_SENSOR_TMP119_ENABLED
Removing AP_GPS_SBF_ENABLED
Removing AP_GPS_SBF_ENABLED
Removing AP_RANGEFINDER_TRI2C_ENABLED
Removing AP_RANGEFINDER_TRI2C_ENABLED
Removing AP_GENERATOR_IE_2400_ENABLED
Removing AP_GENERATOR_IE_2400_ENABLED
Removing AP_AIRSPEED_MS4525_ENABLED
Removing AP_AIRSPEED_MS4525_ENABLED
Removing AP_RPM_GENERATOR_ENABLED
Removing AP_RPM_GENERATOR_ENABLED
Removing AP_TRAMP_ENABLED
Removing AP_TRAMP_ENABLED
Removing AP_BARO_BMP581_ENABLED
Removing AP_BARO_BMP581_ENABLED
Removing AP_PERIPH_GPS_ENABLED
Removing AP_PERIPH_GPS_ENABLED
Removing AP_GENERATOR_RICHENPOWER_ENABLED
Removing AP_GENERATOR_RICHENPOWER_ENABLED
Removing AP_SCRIPTING_BINDING_VEHICLE_ENABLED
Removing AP_SCRIPTING_BINDING_VEHICLE_ENABLED
Removing HAL_ENABLE_DRONECAN_DRIVERS
Removing HAL_ENABLE_DRONECAN_DRIVERS
Removing AP_RCPROTOCOL_ENABLED
Removing AP_RCPROTOCOL_ENABLED
Removing AP_CAMERA_RUNCAM_ENABLED
Removing AP_CAMERA_RUNCAM_ENABLED
Removing AP_COMPASS_RM3100_ENABLED
Removing AP_COMPASS_RM3100_ENABLED
Removing AP_BATTERY_SUM_ENABLED
Removing AP_BATTERY_SUM_ENABLED
Removing AP_MAVLINK_MSG_SERIAL_CONTROL_ENABLED
Removing AP_MAVLINK_MSG_SERIAL_CONTROL_ENABLED
Removing HAL_MSP_GPS_ENABLED
Removing HAL_MSP_GPS_ENABLED
Removing AP_AIRSPEED_ASP5033_ENABLED
Removing AP_AIRSPEED_ASP5033_ENABLED
Removing AP_BATTERY_INA2XX_ENABLED
Removing AP_BATTERY_INA2XX_ENABLED
Removing AP_QUICKTUNE_ENABLED
Removing AP_QUICKTUNE_ENABLED
Removing AP_RC_CHANNEL_AUX_FUNCTION_STRINGS_ENABLED
Removing AP_RC_CHANNEL_AUX_FUNCTION_STRINGS_ENABLED
Removing AP_OAPATHPLANNER_ENABLED
Removing AP_OAPATHPLANNER_ENABLED
Removing HAL_MOUNT_STORM32SERIAL_ENABLED
Removing HAL_MOUNT_STORM32SERIAL_ENABLED
Removing MODE_AUTOLAND_ENABLED
Removing MODE_AUTOLAND_ENABLED
Removing AP_RANGEFINDER_DTS6012M_ENABLED
Removing AP_RANGEFINDER_DTS6012M_ENABLED
Removing AP_FILESYSTEM_MISSION_ENABLED
Removing AP_FILESYSTEM_MISSION_ENABLED
Removing AP_ROVER_ADVANCED_FAILSAFE_ENABLED
Removing AP_ROVER_ADVANCED_FAILSAFE_ENABLED
Removing AP_FILESYSTEM_PARAM_ENABLED
Removing AP_FILESYSTEM_PARAM_ENABLED
Removing AP_CAMERA_SOLOGIMBAL_ENABLED
Removing AP_CAMERA_SOLOGIMBAL_ENABLED
Removing AP_EXTERNAL_AHRS_INERTIALLABS_ENABLED
Removing AP_EXTERNAL_AHRS_INERTIALLABS_ENABLED
Removing AP_BARO_PROBE_EXTERNAL_I2C_BUSES
Removing AP_BARO_PROBE_EXTERNAL_I2C_BUSES
Removing AP_LANDINGGEAR_ENABLED
Removing AP_LANDINGGEAR_ENABLED
Removing AP_RANGEFINDER_LUA_ENABLED
Removing AP_RANGEFINDER_LUA_ENABLED
Removing AP_FRSKY_TELEM_ENABLED
Removing AP_FRSKY_TELEM_ENABLED
Removing AP_TEMPERATURE_SENSOR_TSYS01_ENABLED
Removing AP_TEMPERATURE_SENSOR_TSYS01_ENABLED
Removing AP_BATTERY_INA3221_ENABLED
Removing AP_BATTERY_INA3221_ENABLED
Setup for MCU STM32F405xx
Default parameters path from hwdef: /workdir/d450a747/build_src/libraries/AP_HAL_ChibiOS/hwdef/speedybeef4v5/defaults.parm
Writing hwdef setup in /workdir/d450a747/speedybeef4v5/hwdef.h
args=['AP_Baro_SPL06::probe', '0', '118']
Writing DMA map
Sharing channel (1, 7) for TIM2_UP TIM2_CH4
Setting up as normal
Generating ldscript.ld
env set ENABLE_DFU_BOOT=0
env set PROCESS_STACK=0x1C00
env set MAIN_STACK=0x600
env set IOMCU_FW=0
env set IOMCU_FW_WITH_HEATER=0
env set PERIPH_FW=0
env set BOARD_FLASH_SIZE=1024
env set EXT_FLASH_SIZE_MB=0
env set INT_FLASH_PRIMARY=False
env set ENABLE_CRASHDUMP=True
env set CPU_FLAGS=['-mcpu=cortex-m4', '-mfpu=fpv4-sp-d16', '-mfloat-abi=hard', '-DARM_MATH_CM4', '-u_printf_float']
env set CORTEX=cortex-m4
env set APJ_BOARD_ID=5272
env set APJ_BOARD_TYPE=STM32F405xx
env set USBID=0x1209/0x5741
env set FLASH_RESERVE_START_KB=48
env set EXT_FLASH_RESERVE_START_KB=0
env set FLASH_TOTAL=999424
env set HAS_EXTERNAL_FLASH_SECTIONS=0
env set ROMFS_FILES=[('font1.bin', 'libraries/AP_OSD/fonts/font1.bin'), ('font4.bin', 'libraries/AP_OSD/fonts/font4.bin'), ('font3.bin', 'libraries/AP_OSD/fonts/font3.bin'), ('font0.bin', 'libraries/AP_OSD/fonts/font0.bin'), ('font2.bin', 'libraries/AP_OSD/fonts/font2.bin'), ('defaults.parm', '/workdir/d450a747/speedybeef4v5/processed_defaults.parm'), ('hwdef.dat', '/workdir/d450a747/speedybeef4v5/hw.dat'), ('bootloader.bin', '/workdir/d450a747/build_src/Tools/bootloaders/speedybeef4v5_bl.bin')]
env set CHIBIOS_BUILD_FLAGS=USE_FATFS=no CHIBIOS_STARTUP_MK=os/common/startup/ARMCMx/compilers/GCC/mk/startup_stm32f4xx.mk CHIBIOS_PLATFORM_MK=os/hal/ports/STM32/STM32F4xx/platform.mk MCU=cortex-m4 ENV_UDEFS=-DCHPRINTF_USE_FLOAT=1
Enabling ChibiOS asserts                     : no 
Disabling Watchdog                           : no 
Enabling malloc guard                        : no 
Enabling ChibiOS thread statistics           : no 
Enabling -Werror                             : yes 
Checking for intelhex module:                : OK 
Enabled OpenDroneID                          : no 
Enabled firmware ID checking                 : no 
GPS Debug Logging                            : no 
Enabled custom controller                    : no 
Checking for HAVE_CMATH_ISFINITE             : yes 
Checking for HAVE_CMATH_ISINF                : yes 
Checking for HAVE_CMATH_ISNAN                : yes 
Checking for NEED_CMATH_ISFINITE_STD_NAMESPACE : yes 
Checking for NEED_CMATH_ISINF_STD_NAMESPACE    : yes 
Checking for NEED_CMATH_ISNAN_STD_NAMESPACE    : yes 
Checking for header endian.h                   : not found 
Checking for header byteswap.h                 : not found 
Checking for HAVE_MEMRCHR                      : no 
Configured VSCode Intellisense:                : no 
DC_DSDL compiler in                            : /workdir/d450a747/build_src/modules/DroneCAN/dronecan_dsdlc 
Source is git repository                       : yes 
Update submodules                              : yes 
Checking for program 'git'                     : /usr/bin/git 
Gtest                                          : STM32 boards currently don't support compiling gtest 
Checking for program 'arm-none-eabi-size'      : /opt/gcc-arm-none-eabi-10/bin/arm-none-eabi-size 
Benchmarks                                     : disabled 
Unit tests                                     : disabled 
Scripting                                      : maybe 
Scripting runtime checks                       : enabled 
Debug build                                    : disabled 
Coverage build                                 : disabled 
Consistent build                               : disabled 
Force 32-bit build                             : disabled 
Checking for program 'rsync'                   : not found 
Removing target_list file /workdir/d450a747/speedybeef4v5/target_list
'configure' finished successfully (1.564s)
Running clean
'clean' finished successfully (2.088s)
Running build
Waf: Entering directory `/workdir/d450a747/speedybeef4v5'
Padded 24 bytes for bootloader.bin to 13792
Embedding file bootloader.bin:/workdir/d450a747/build_src/Tools/bootloaders/speedybeef4v5_bl.bin
Embedding file defaults.parm:/workdir/d450a747/speedybeef4v5/processed_defaults.parm
Embedding file font0.bin:libraries/AP_OSD/fonts/font0.bin
Embedding file font1.bin:libraries/AP_OSD/fonts/font1.bin
Embedding file font2.bin:libraries/AP_OSD/fonts/font2.bin
Embedding file font3.bin:libraries/AP_OSD/fonts/font3.bin
Embedding file font4.bin:libraries/AP_OSD/fonts/font4.bin
Embedding file hwdef.dat:/workdir/d450a747/speedybeef4v5/hw.dat
[ 4/10] Creating ../speedybeef4v5/modules/ChibiOS/include_dirs
[ 5/10] Compiling libraries/AP_Scripting/generator/src/main.c
[ 6/10] Processing mavgen: modules/mavlink/message_definitions/v1.0/all.xml modules/mavlink/pymavlink/generator/C/include_v2.0/checksum.h modules/mavlink/pymavlink/generator/C/include_v2.0/mavlink_conversions.h modules/mavlink/pymavlink/generator/C/include_v2.0/mavlink_get_info.h modules/mavlink/pymavlink/generator/C/include_v2.0/mavlink_helpers.h modules/mavlink/pymavlink/generator/C/include_v2.0/mavlink_sha256.h modules/mavlink/pymavlink/generator/C/include_v2.0/mavlink_types.h modules/mavlink/pymavlink/generator/C/include_v2.0/protocol.h modules/mavlink/pymavlink/__init__.py modules/mavlink/pymavlink/generator/__init__.py modules/mavlink/pymavlink/generator/mavcrc.py modules/mavlink/pymavlink/generator/mavgen.py modules/mavlink/pymavlink/generator/mavgen_ada.py modules/mavlink/pymavlink/generator/mavgen_c.py modules/mavlink/pymavlink/generator/mavgen_cpp11.py modules/mavlink/pymavlink/generator/mavgen_cs.py modules/mavlink/pymavlink/generator/mavgen_java.py modules/mavlink/pymavlink/generator/mavgen_javascript.py modules/mavlink/pymavlink/generator/mavgen_javascript_stable.py modules/mavlink/pymavlink/generator/mavgen_lua.py modules/mavlink/pymavlink/generator/mavgen_objc.py modules/mavlink/pymavlink/generator/mavgen_python.py modules/mavlink/pymavlink/generator/mavgen_spin2.py modules/mavlink/pymavlink/generator/mavgen_swift.py modules/mavlink/pymavlink/generator/mavgen_typescript.py modules/mavlink/pymavlink/generator/mavgen_wlua.py modules/mavlink/pymavlink/generator/mavparse.py modules/mavlink/pymavlink/generator/mavtemplate.py
[ 7/10] Creating ../speedybeef4v5/ap_version.h
[ 8/10] Creating ../speedybeef4v5/chibios_flags.h
Validation skipped for /workdir/d450a747/build_src/modules/mavlink/message_definitions/v1.0/all.xml.
Parsing /workdir/d450a747/build_src/modules/mavlink/message_definitions/v1.0/all.xml
Validation skipped for /workdir/d450a747/build_src/modules/mavlink/message_definitions/v1.0/ardupilotmega.xml.
Parsing /workdir/d450a747/build_src/modules/mavlink/message_definitions/v1.0/ardupilotmega.xml
Validation skipped for /workdir/d450a747/build_src/modules/mavlink/message_definitions/v1.0/ASLUAV.xml.
Parsing /workdir/d450a747/build_src/modules/mavlink/message_definitions/v1.0/ASLUAV.xml
Validation skipped for /workdir/d450a747/build_src/modules/mavlink/message_definitions/v1.0/common.xml.
Parsing /workdir/d450a747/build_src/modules/mavlink/message_definitions/v1.0/common.xml
CAMERA_TRACKING_STATUS_FLAGS_IDLE has invalid values (bitmask must have powers of 2)
Validation skipped for /workdir/d450a747/build_src/modules/mavlink/message_definitions/v1.0/development.xml.
Parsing /workdir/d450a747/build_src/modules/mavlink/message_definitions/v1.0/development.xml
Validation skipped for /workdir/d450a747/build_src/modules/mavlink/message_definitions/v1.0/icarous.xml.
Parsing /workdir/d450a747/build_src/modules/mavlink/message_definitions/v1.0/icarous.xml
Validation skipped for /workdir/d450a747/build_src/modules/mavlink/message_definitions/v1.0/minimal.xml.
Parsing /workdir/d450a747/build_src/modules/mavlink/message_definitions/v1.0/minimal.xml
Validation skipped for /workdir/d450a747/build_src/modules/mavlink/message_definitions/v1.0/python_array_test.xml.
Parsing /workdir/d450a747/build_src/modules/mavlink/message_definitions/v1.0/python_array_test.xml
Validation skipped for /workdir/d450a747/build_src/modules/mavlink/message_definitions/v1.0/standard.xml.
Parsing /workdir/d450a747/build_src/modules/mavlink/message_definitions/v1.0/standard.xml
MAV_BOOL_FALSE has invalid values (bitmask must have powers of 2)
Validation skipped for /workdir/d450a747/build_src/modules/mavlink/message_definitions/v1.0/test.xml.
Parsing /workdir/d450a747/build_src/modules/mavlink/message_definitions/v1.0/test.xml
Validation skipped for /workdir/d450a747/build_src/modules/mavlink/message_definitions/v1.0/ualberta.xml.
Parsing /workdir/d450a747/build_src/modules/mavlink/message_definitions/v1.0/ualberta.xml
Validation skipped for /workdir/d450a747/build_src/modules/mavlink/message_definitions/v1.0/uAvionix.xml.
Parsing /workdir/d450a747/build_src/modules/mavlink/message_definitions/v1.0/uAvionix.xml
Validation skipped for /workdir/d450a747/build_src/modules/mavlink/message_definitions/v1.0/loweheiser.xml.
Parsing /workdir/d450a747/build_src/modules/mavlink/message_definitions/v1.0/loweheiser.xml
Validation skipped for /workdir/d450a747/build_src/modules/mavlink/message_definitions/v1.0/storm32.xml.
Parsing /workdir/d450a747/build_src/modules/mavlink/message_definitions/v1.0/storm32.xml
Validation skipped for /workdir/d450a747/build_src/modules/mavlink/message_definitions/v1.0/AVSSUAS.xml.
Parsing /workdir/d450a747/build_src/modules/mavlink/message_definitions/v1.0/AVSSUAS.xml
Validation skipped for /workdir/d450a747/build_src/modules/mavlink/message_definitions/v1.0/cubepilot.xml.
Parsing /workdir/d450a747/build_src/modules/mavlink/message_definitions/v1.0/cubepilot.xml
Validation skipped for /workdir/d450a747/build_src/modules/mavlink/message_definitions/v1.0/csAirLink.xml.
Parsing /workdir/d450a747/build_src/modules/mavlink/message_definitions/v1.0/csAirLink.xml
Merged enum MAV_CMD
Merged enum MAV_CMD
Merged enum MAV_CMD
Merged enum MAV_CMD
Merged enum MAV_CMD
Merged enum MAV_CMD
Found 350 MAVLink message types in 17 XML files
Generating C implementation in directory /workdir/d450a747/speedybeef4v5/libraries/GCS_MAVLink/include/mavlink/v2.0/all
Generating C implementation in directory /workdir/d450a747/speedybeef4v5/libraries/GCS_MAVLink/include/mavlink/v2.0/ardupilotmega
Generating C implementation in directory /workdir/d450a747/speedybeef4v5/libraries/GCS_MAVLink/include/mavlink/v2.0/ASLUAV
Generating C implementation in directory /workdir/d450a747/speedybeef4v5/libraries/GCS_MAVLink/include/mavlink/v2.0/common
Generating C implementation in directory /workdir/d450a747/speedybeef4v5/libraries/GCS_MAVLink/include/mavlink/v2.0/development
Generating C implementation in directory /workdir/d450a747/speedybeef4v5/libraries/GCS_MAVLink/include/mavlink/v2.0/icarous
Generating C implementation in directory /workdir/d450a747/speedybeef4v5/libraries/GCS_MAVLink/include/mavlink/v2.0/minimal
Generating C implementation in directory /workdir/d450a747/speedybeef4v5/libraries/GCS_MAVLink/include/mavlink/v2.0/python_array_test
Generating C implementation in directory /workdir/d450a747/speedybeef4v5/libraries/GCS_MAVLink/include/mavlink/v2.0/standard
Generating C implementation in directory /workdir/d450a747/speedybeef4v5/libraries/GCS_MAVLink/include/mavlink/v2.0/test
Generating C implementation in directory /workdir/d450a747/speedybeef4v5/libraries/GCS_MAVLink/include/mavlink/v2.0/ualberta
Generating C implementation in directory /workdir/d450a747/speedybeef4v5/libraries/GCS_MAVLink/include/mavlink/v2.0/uAvionix
Generating C implementation in directory /workdir/d450a747/speedybeef4v5/libraries/GCS_MAVLink/include/mavlink/v2.0/loweheiser
Generating C implementation in directory /workdir/d450a747/speedybeef4v5/libraries/GCS_MAVLink/include/mavlink/v2.0/storm32
Generating C implementation in directory /workdir/d450a747/speedybeef4v5/libraries/GCS_MAVLink/include/mavlink/v2.0/AVSSUAS
Generating C implementation in directory /workdir/d450a747/speedybeef4v5/libraries/GCS_MAVLink/include/mavlink/v2.0/cubepilot
Generating C implementation in directory /workdir/d450a747/speedybeef4v5/libraries/GCS_MAVLink/include/mavlink/v2.0/csAirLink
Copying fixed headers for protocol 2.0 to /workdir/d450a747/speedybeef4v5/libraries/GCS_MAVLink/include/mavlink/v2.0
[ 9/10] Linking ../speedybeef4v5/modules/ChibiOS/libch.a
[10/10] Processing /workdir/d450a747/speedybeef4v5/libraries/AP_Scripting/lua_generated_bindings.cpp,/workdir/d450a747/speedybeef4v5/libraries/AP_Scripting/lua_generated_bindings.h: libraries/AP_Scripting/generator/description/bindings.desc ../speedybeef4v5/gen-bindings -> ../speedybeef4v5/libraries/AP_Scripting/lua_generated_bindings.cpp ../speedybeef4v5/libraries/AP_Scripting/lua_generated_bindings.h
[1/111] ChibiOS: Compiling crt0_v7m.S
[2/111] ChibiOS: Compiling vectors.S
[3/111] ChibiOS: Compiling chcoreasm.S
[4/111] ChibiOS: Compiling chcore.c
[5/111] ChibiOS: Compiling crt1.c
[6/111] ChibiOS: Compiling bufstreams.c
[7/111] ChibiOS: Compiling chprintf.c
[8/111] ChibiOS: Compiling chscanf.c
[9/111] ChibiOS: Compiling memstreams.c
[10/111] ChibiOS: Compiling nullstreams.c
[11/111] ChibiOS: Compiling osal.c
[12/111] ChibiOS: Compiling hal_adc_lld.c
[13/111] ChibiOS: Compiling hal_can_lld.c
[14/111] ChibiOS: Compiling hal_crypto_lld.c
[15/111] ChibiOS: Compiling hal_dac_lld.c
[16/111] ChibiOS: Compiling stm32_dma.c
[17/111] ChibiOS: Compiling stm32_exti.c
[18/111] ChibiOS: Compiling hal_pal_lld.c
[19/111] ChibiOS: Compiling hal_i2c_lld.c
[20/111] ChibiOS: Compiling hal_mac_lld.c
[21/111] ChibiOS: Compiling hal_usb_lld.c
[22/111] ChibiOS: Compiling hal_wspi_lld.c
[23/111] ChibiOS: Compiling hal_rtc_lld.c
[24/111] ChibiOS: Compiling hal_sdc_lld.c
[25/111] ChibiOS: Compiling hal_i2s_lld.c
[26/111] ChibiOS: Compiling hal_spi_lld.c
[27/111] ChibiOS: Compiling hal_st_lld.c
[28/111] ChibiOS: Compiling hal_eicu_lld.c
[29/111] ChibiOS: Compiling hal_gpt_lld.c
[30/111] ChibiOS: Compiling hal_icu_lld.c
[31/111] ChibiOS: Compiling hal_pwm_lld.c
[32/111] ChibiOS: Compiling hal_serial_lld.c
[33/111] ChibiOS: Compiling hal_uart_lld.c
[34/111] ChibiOS: Compiling hal_wdg_lld.c
[35/111] ChibiOS: Compiling hal_efl_lld.c
[36/111] ChibiOS: Compiling hal_lld.c
[37/111] ChibiOS: Compiling stm32_isr.c
[38/111] ChibiOS: Compiling nvic.c
[39/111] ChibiOS: Compiling hal.c
[40/111] ChibiOS: Compiling hal_adc.c
[41/111] ChibiOS: Compiling hal_buffers.c
[42/111] ChibiOS: Compiling hal_can.c
[43/111] ChibiOS: Compiling hal_crypto.c
[44/111] ChibiOS: Compiling hal_dac.c
[45/111] ChibiOS: Compiling hal_efl.c
[46/111] ChibiOS: Compiling hal_eicu.c
[47/111] ChibiOS: Compiling hal_flash.c
[48/111] ChibiOS: Compiling hal_gpt.c
[49/111] ChibiOS: Compiling hal_i2c.c
[50/111] ChibiOS: Compiling hal_i2s.c
[51/111] ChibiOS: Compiling hal_icu.c
[52/111] ChibiOS: Compiling hal_mac.c
[53/111] ChibiOS: Compiling hal_mmc_spi.c
[54/111] ChibiOS: Compiling hal_mmcsd.c
[55/111] ChibiOS: Compiling hal_pal.c
[57/111] ChibiOS: Compiling hal_queues.c
[56/111] ChibiOS: Compiling hal_pwm.c
[58/111] ChibiOS: Compiling hal_rtc.c
[59/111] ChibiOS: Compiling hal_sdc.c
[60/111] ChibiOS: Compiling hal_serial.c
[61/111] ChibiOS: Compiling hal_serial_usb.c
[62/111] ChibiOS: Compiling hal_sio.c
[63/111] ChibiOS: Compiling hal_spi.c
[64/111] ChibiOS: Compiling hal_st.c
[66/111] ChibiOS: Compiling hal_uart.c
[65/111] ChibiOS: Compiling hal_trng.c
[67/111] ChibiOS: Compiling hal_usb.c
[68/111] ChibiOS: Compiling hal_wdg.c
[69/111] ChibiOS: Compiling hal_wspi.c
[70/111] ChibiOS: Compiling chdelegates.c
[71/111] ChibiOS: Compiling chfactory.c
[72/111] ChibiOS: Compiling chmboxes.c
[73/111] ChibiOS: Compiling chmemcore.c
[74/111] ChibiOS: Compiling chmemheaps.c
[75/111] ChibiOS: Compiling chmempools.c
[76/111] ChibiOS: Compiling chobjcaches.c
[77/111] ChibiOS: Compiling chpipes.c
[78/111] ChibiOS: Compiling chcond.c
[79/111] ChibiOS: Compiling chdebug.c
[80/111] ChibiOS: Compiling chdynamic.c
[81/111] ChibiOS: Compiling chevents.c
[82/111] ChibiOS: Compiling chinstances.c
[83/111] ChibiOS: Compiling chmsg.c
[84/111] ChibiOS: Compiling chmtx.c
[85/111] ChibiOS: Compiling chregistry.c
[86/111] ChibiOS: Compiling chrfcu.c
[87/111] ChibiOS: Compiling chschd.c
[88/111] ChibiOS: Compiling chsem.c
[89/111] ChibiOS: Compiling chstats.c
[91/111] ChibiOS: Compiling chthreads.c
[90/111] ChibiOS: Compiling chsys.c
[92/111] ChibiOS: Compiling chtm.c
[93/111] ChibiOS: Compiling chtrace.c
[94/111] ChibiOS: Compiling chvt.c
[95/111] ChibiOS: Compiling syscalls.c
[96/111] ChibiOS: Compiling stubs.c
[97/111] ChibiOS: Compiling board.c
[98/111] ChibiOS: Compiling usbcfg.c
[99/111] ChibiOS: Compiling usbcfg_dualcdc.c
[100/111] ChibiOS: Compiling usbcfg_common.c
[101/111] ChibiOS: Compiling flash.c
[102/111] ChibiOS: Compiling malloc.c
[103/111] ChibiOS: Compiling hrt.c
[104/111] ChibiOS: Compiling stm32_util.c
[105/111] ChibiOS: Compiling bouncebuffer.c
[106/111] ChibiOS: Compiling watchdog.c
[107/111] ChibiOS: Compiling sysperf.c
[108/111] ChibiOS: Compiling ch.cpp
[109/111] ChibiOS: Compiling CrashCatcher_armv7m.S
[110/111] ChibiOS: Compiling CrashCatcher.c
[111/111] ChibiOS: Compiling crashdump.c

ChibiOS: Done!

CrashCatcher: Done!

arm-none-eabi-ar: creating modules/ChibiOS/libch.a
arm-none-eabi-ar: creating modules/ChibiOS/libcc.a

No target_list file found, creating
Generating compile_commands.json
Build commands will be stored in ../speedybeef4v5/compile_commands.json
Generating compile_commands.json
Build commands will be stored in ../speedybeef4v5/compile_commands.json
[  11/1049] Compiling libraries/AC_AttitudeControl/AC_CommandModel.cpp
[  12/1049] Compiling libraries/AC_AttitudeControl/AC_AttitudeControl_Multi.cpp
[  13/1049] Compiling libraries/AC_AttitudeControl/AC_AttitudeControl_TS.cpp
[  14/1049] Compiling libraries/AC_AttitudeControl/AC_AttitudeControl_Multi_6DoF.cpp
[  15/1049] Compiling libraries/AC_AttitudeControl/AC_PosControl_Logging.cpp
[  16/1049] Compiling libraries/AC_AttitudeControl/AC_AttitudeControl_Heli.cpp
[  17/1049] Compiling libraries/AC_AttitudeControl/AC_AttitudeControl_Logging.cpp
[  18/1049] Compiling libraries/AC_AttitudeControl/AC_AttitudeControl_Sub.cpp
[  19/1049] Compiling libraries/AC_AutoTune/AC_AutoTune_FreqResp.cpp
[  20/1049] Compiling libraries/AC_AutoTune/AC_AutoTune_Heli.cpp
[  21/1049] Compiling libraries/AC_Autorotation/AC_Autorotation.cpp
[  22/1049] Compiling libraries/AC_Autorotation/RSC_Autorotation.cpp
[  23/1049] Compiling libraries/AC_Avoidance/AP_OAVisGraph.cpp
[  24/1049] Compiling libraries/AC_Avoidance/AC_Avoidance_Logging.cpp
[  25/1049] Compiling libraries/AC_Avoidance/AP_OADijkstra.cpp
[  26/1049] Compiling libraries/AC_Avoidance/AP_OAPathPlanner.cpp
[  27/1049] Compiling libraries/AC_InputManager/AC_InputManager.cpp
[  28/1049] Compiling libraries/AC_InputManager/AC_InputManager_Heli.cpp
[  29/1049] Compiling libraries/AC_PID/AC_HELI_PID.cpp
[  30/1049] Compiling libraries/AC_PID/AC_P.cpp
[  31/1049] Compiling libraries/AC_PID/AC_PI.cpp
[  32/1049] Compiling libraries/AC_PID/AC_PID.cpp
[  33/1049] Compiling libraries/AC_PID/AC_PID_2D.cpp
[  34/1049] Compiling libraries/AC_PID/AC_PID_Basic.cpp
[  35/1049] Compiling libraries/AC_PID/AC_PI_2D.cpp
[  36/1049] Compiling libraries/AC_PID/AC_P_1D.cpp
[  37/1049] Compiling libraries/AC_PID/AC_P_2D.cpp
[  38/1049] Compiling libraries/AC_PrecLand/PosVelEKF.cpp
[  39/1049] Compiling libraries/AC_PrecLand/AC_PrecLand_IRLock.cpp
[  40/1049] Compiling libraries/AC_PrecLand/AC_PrecLand_MAVLink.cpp
[  41/1049] Compiling libraries/AC_PrecLand/AC_PrecLand_SITL.cpp
[  42/1049] Compiling libraries/AC_PrecLand/AC_PrecLand_SITL_Gazebo.cpp
[  43/1049] Compiling libraries/AC_PrecLand/AC_PrecLand_StateMachine.cpp
[  44/1049] Compiling libraries/AC_Sprayer/AC_Sprayer.cpp
[  45/1049] Compiling libraries/AC_WPNav/AC_WPNav_OA.cpp
[  46/1049] Compiling libraries/AP_ADC/AP_ADC_ADS1115.cpp
[  47/1049] Compiling libraries/AP_ADSB/AP_ADSB_Backend.cpp
[  48/1049] Compiling libraries/AP_ADSB/AP_ADSB_Sagetech.cpp
[  49/1049] Compiling libraries/AP_ADSB/AP_ADSB_uAvionix_MAVLink.cpp
[  50/1049] Compiling libraries/AP_ADSB/AP_ADSB_uAvionix_UCP.cpp
[  51/1049] Compiling libraries/AP_AHRS/AP_AHRS_External.cpp
[  52/1049] Compiling libraries/AP_AHRS/AP_AHRS_Logging.cpp
[  53/1049] Compiling libraries/AP_AHRS/AP_AHRS_SIM.cpp
[  54/1049] Compiling libraries/AP_AHRS/AP_AHRS_View.cpp
[  55/1049] Compiling libraries/AP_AccelCal/AP_AccelCal.cpp
[  56/1049] Compiling libraries/AP_AccelCal/AccelCalibrator.cpp
[  57/1049] Compiling libraries/AP_AdvancedFailsafe/AP_AdvancedFailsafe.cpp
[  58/1049] Compiling libraries/AP_Airspeed/AP_Airspeed_ASP5033.cpp
[  59/1049] Compiling libraries/AP_Airspeed/AP_Airspeed_AUAV.cpp
[  60/1049] Compiling libraries/AP_Airspeed/AP_Airspeed_Backend.cpp
[  61/1049] Compiling libraries/AP_Airspeed/AP_Airspeed_DLVR.cpp
[  62/1049] Compiling libraries/AP_Airspeed/AP_Airspeed_DroneCAN.cpp
[  63/1049] Compiling libraries/AP_Airspeed/AP_Airspeed_External.cpp
[  64/1049] Compiling libraries/AP_Airspeed/AP_Airspeed_Health.cpp
[  65/1049] Compiling libraries/AP_Airspeed/AP_Airspeed_MS4525.cpp
[  66/1049] Compiling libraries/AP_Airspeed/AP_Airspeed_MS5525.cpp
[  67/1049] Compiling libraries/AP_Airspeed/AP_Airspeed_MSP.cpp
[  68/1049] Compiling libraries/AP_Airspeed/AP_Airspeed_SDP3X.cpp
[  69/1049] Compiling libraries/AP_Airspeed/AP_Airspeed_SITL.cpp
[  70/1049] Compiling libraries/AP_Airspeed/AP_Airspeed_analog.cpp
[  71/1049] Compiling libraries/AP_Airspeed/Airspeed_Calibration.cpp
[  72/1049] Compiling libraries/AP_Baro/AP_Baro_atmosphere.cpp
[  73/1049] Compiling libraries/AP_Baro/AP_Baro_BMP581.cpp
[  74/1049] Compiling libraries/AP_Baro/AP_Baro_AUAV.cpp
[  75/1049] Compiling libraries/AP_Baro/AP_Baro_BMP085.cpp
[  76/1049] Compiling libraries/AP_Baro/AP_Baro_KellerLD.cpp
[  77/1049] Compiling libraries/AP_Baro/AP_Baro_DroneCAN.cpp
[  78/1049] Compiling libraries/AP_Baro/AP_Baro_Logging.cpp
[  79/1049] Compiling libraries/AP_Baro/AP_Baro_BMP280.cpp
[  80/1049] Compiling libraries/AP_Baro/AP_Baro_DPS280.cpp
[  81/1049] Compiling libraries/AP_Baro/AP_Baro_FBM320.cpp
[  82/1049] Compiling libraries/AP_Baro/AP_Baro_BMP388.cpp
[  83/1049] Compiling libraries/AP_Baro/AP_Baro_ICP201XX.cpp
[  84/1049] Compiling libraries/AP_Baro/AP_Baro_Dummy.cpp
[  85/1049] Compiling libraries/AP_Baro/AP_Baro_ICP101XX.cpp
[  86/1049] Compiling libraries/AP_Baro/AP_Baro_HIL.cpp
[  87/1049] Compiling libraries/AP_Baro/AP_Baro_Wind.cpp
[  88/1049] Compiling libraries/AP_Baro/AP_Baro_ICM20789.cpp
[  89/1049] Compiling libraries/AP_Baro/AP_Baro_ExternalAHRS.cpp
[  90/1049] Compiling libraries/AP_Baro/AP_Baro_MSP.cpp
[  91/1049] Compiling libraries/AP_Baro/AP_Baro_LPS2XH.cpp
[  92/1049] Compiling libraries/AP_Baro/AP_Baro_MS5611.cpp
[  93/1049] Compiling libraries/AP_Baro/AP_Baro_SPL06.cpp
[  94/1049] Compiling libraries/AP_BattMonitor/AP_BattMonitor_SMBus.cpp
[  95/1049] Compiling libraries/AP_BattMonitor/AP_BattMonitor_Torqeedo.cpp
[  96/1049] Compiling libraries/AP_BattMonitor/AP_BattMonitor_Logging.cpp
[  97/1049] Compiling libraries/AP_BattMonitor/AP_BattMonitor_SMBus_NeoDesign.cpp
[  98/1049] Compiling libraries/AP_BattMonitor/AP_BattMonitor_SMBus_Rotoye.cpp
[  99/1049] Compiling libraries/AP_BattMonitor/AP_BattMonitor_SMBus_Generic.cpp
[ 100/1049] Compiling libraries/AP_BattMonitor/AP_BattMonitor_Bebop.cpp
[ 101/1049] Compiling libraries/AP_BattMonitor/AP_BattMonitor_Analog.cpp
[ 102/1049] Compiling libraries/AP_BattMonitor/AP_BattMonitor_Backend.cpp
[ 103/1049] Compiling libraries/AP_BattMonitor/AP_BattMonitor_DroneCAN.cpp
[ 104/1049] Compiling libraries/AP_BattMonitor/AP_BattMonitor_AD7091R5.cpp
[ 105/1049] Compiling libraries/AP_BattMonitor/AP_BattMonitor_Sum.cpp
[ 106/1049] Compiling libraries/AP_BattMonitor/AP_BattMonitor_EFI.cpp
[ 107/1049] Compiling libraries/AP_BattMonitor/AP_BattMonitor_Synthetic_Current.cpp
[ 108/1049] Compiling libraries/AP_BattMonitor/AP_BattMonitor_TIBQ76952.cpp
[ 109/1049] Compiling libraries/AP_BattMonitor/AP_BattMonitor_ESC.cpp
[ 110/1049] Compiling libraries/AP_BattMonitor/AP_BattMonitor_FuelLevel_Analog.cpp
[ 111/1049] Compiling libraries/AP_BattMonitor/AP_BattMonitor_INA2xx.cpp
[ 112/1049] Compiling libraries/AP_BattMonitor/AP_BattMonitor_FuelLevel_PWM.cpp
[ 113/1049] Compiling libraries/AP_BattMonitor/AP_BattMonitor_Scripting.cpp
[ 114/1049] Compiling libraries/AP_BattMonitor/AP_BattMonitor_Generator.cpp
[ 115/1049] Compiling libraries/AP_BattMonitor/AP_BattMonitor_FuelFlow.cpp
[ 116/1049] Compiling libraries/AP_BattMonitor/AP_BattMonitor_INA239.cpp
[ 117/1049] Compiling libraries/AP_BattMonitor/AP_BattMonitor_SMBus_SUI.cpp
[ 118/1049] Compiling libraries/AP_BattMonitor/AP_BattMonitor_INA3221.cpp
[ 119/1049] Compiling libraries/AP_BattMonitor/AP_BattMonitor_LTC2946.cpp
[ 120/1049] Compiling libraries/AP_BattMonitor/AP_BattMonitor_SMBus_Solo.cpp
[ 121/1049] Compiling libraries/AP_Beacon/AP_Beacon_Marvelmind.cpp
[ 122/1049] Compiling libraries/AP_Beacon/AP_Beacon_Nooploop.cpp
[ 123/1049] Compiling libraries/AP_Beacon/AP_Beacon_SITL.cpp
[ 124/1049] Compiling libraries/AP_Beacon/AP_Beacon_Pozyx.cpp
[ 125/1049] Compiling libraries/AP_Beacon/AP_Beacon.cpp
[ 126/1049] Compiling libraries/AP_Beacon/AP_Beacon_Backend.cpp
[ 127/1049] Compiling libraries/AP_BoardConfig/IMU_heater.cpp
[ 128/1049] Compiling libraries/AP_BoardConfig/board_drivers.cpp
[ 129/1049] Compiling libraries/AP_Button/AP_Button.cpp
[ 130/1049] Compiling libraries/AP_Camera/AP_Camera_MAVLinkCamV2.cpp
[ 131/1049] Compiling libraries/AP_Camera/AP_RunCam.cpp
[ 132/1049] Compiling libraries/AP_Camera/AP_Camera_Backend.cpp
[ 133/1049] Compiling libraries/AP_Camera/AP_Camera_Servo.cpp
[ 134/1049] Compiling libraries/AP_Camera/AP_Camera_Logging.cpp
[ 135/1049] Compiling libraries/AP_Camera/AP_Camera.cpp
[ 136/1049] Compiling libraries/AP_Camera/AP_Camera_Mount.cpp
[ 137/1049] Compiling libraries/AP_Camera/AP_Camera_Scripting.cpp
[ 138/1049] Compiling libraries/AP_Camera/AP_Camera_SoloGimbal.cpp
[ 139/1049] Compiling libraries/AP_Camera/AP_Camera_Relay.cpp
[ 140/1049] Compiling libraries/AP_Camera/AP_Camera_Params.cpp
[ 141/1049] Compiling libraries/AP_Camera/AP_Camera_MAVLink.cpp
[ 142/1049] Compiling libraries/AP_CheckFirmware/monocypher.cpp
[ 143/1049] Compiling libraries/AP_CheckFirmware/AP_CheckFirmware.cpp
[ 144/1049] Compiling libraries/AP_CheckFirmware/AP_CheckFirmware_secure_command.cpp
[ 145/1049] Compiling libraries/AP_Common/sorting.cpp
[ 146/1049] Compiling libraries/AP_Common/ExpandingString.cpp
[ 147/1049] Compiling libraries/AP_Common/time.cpp
[ 148/1049] Compiling libraries/AP_Common/c++.cpp
[ 149/1049] Compiling libraries/AP_Common/NMEA.cpp
[ 150/1049] Compiling libraries/AP_Common/float16.cpp
[ 151/1049] Compiling libraries/AP_Common/Location.cpp
[ 152/1049] Compiling libraries/AP_Common/AP_FWVersion.cpp
[ 153/1049] Compiling libraries/AP_Common/AP_ExpandingArray.cpp
[ 154/1049] Compiling libraries/AP_Common/AP_Common.cpp
[ 155/1049] Compiling libraries/AP_Compass/AP_Compass_RM3100.cpp
[ 156/1049] Compiling libraries/AP_Compass/AP_Compass_QMC5883P.cpp
[ 157/1049] Compiling libraries/AP_Compass/AP_Compass_SITL.cpp
[ 158/1049] Compiling libraries/AP_Compass/AP_Compass_QMC5883L.cpp
[ 159/1049] Compiling libraries/AP_Compass/AP_Compass_MSP.cpp
[ 160/1049] Compiling libraries/AP_Compass/Compass_PerMotor.cpp
[ 161/1049] Compiling libraries/AP_Compass/AP_Compass_HMC5843.cpp
[ 162/1049] Compiling libraries/AP_Compass/AP_Compass_MAG3110.cpp
[ 163/1049] Compiling libraries/AP_Compass/AP_Compass_MMC5xx3.cpp
[ 164/1049] Compiling libraries/AP_Compass/AP_Compass_MMC3416.cpp
[ 165/1049] Compiling libraries/AP_Compass/AP_Compass_LSM9DS1.cpp
[ 166/1049] Compiling libraries/AP_Compass/AP_Compass_IIS2MDC.cpp
[ 167/1049] Compiling libraries/AP_Compass/AP_Compass_LSM303D.cpp
[ 168/1049] Compiling libraries/AP_Compass/AP_Compass_LIS3MDL.cpp
[ 169/1049] Compiling libraries/AP_Compass/CompassCalibrator.cpp
[ 170/1049] Compiling libraries/AP_Compass/AP_Compass_IST8310.cpp
[ 171/1049] Compiling libraries/AP_Compass/AP_Compass_IST8308.cpp
[ 172/1049] Compiling libraries/AP_Compass/AP_Compass_Backend.cpp
[ 173/1049] Compiling libraries/AP_Compass/Compass_learn.cpp
[ 174/1049] Compiling libraries/AP_Compass/AP_Compass_DroneCAN.cpp
[ 175/1049] Compiling libraries/AP_Compass/AP_Compass_BMM350.cpp
[ 176/1049] Compiling libraries/AP_Compass/AP_Compass_Calibration.cpp
[ 177/1049] Compiling libraries/AP_Compass/AP_Compass_AK8963.cpp
[ 178/1049] Compiling libraries/AP_Compass/AP_Compass_AK09916.cpp
[ 179/1049] Compiling libraries/AP_Compass/AP_Compass_BMM150.cpp
[ 180/1049] Compiling libraries/AP_Compass/AP_Compass.cpp
[ 181/1049] Compiling libraries/AP_Compass/AP_Compass_ExternalAHRS.cpp
[ 182/1049] Compiling libraries/AP_CustomRotations/AP_CustomRotations_params.cpp
[ 183/1049] Compiling libraries/AP_CustomRotations/AP_CustomRotations.cpp
[ 184/1049] Compiling libraries/AP_DAL/AP_DAL_Compass.cpp
[ 185/1049] Compiling libraries/AP_DAL/AP_DAL_GPS.cpp
[ 186/1049] Compiling libraries/AP_DAL/AP_DAL_InertialSensor.cpp
[ 187/1049] Compiling libraries/AP_DAL/AP_DAL_Baro.cpp
[ 188/1049] Compiling libraries/AP_DAL/AP_DAL_Airspeed.cpp
[ 189/1049] Compiling libraries/AP_DDS/AP_DDS_External_Odom.cpp
[ 190/1049] Compiling libraries/AP_DDS/AP_DDS_Client.cpp
[ 191/1049] Compiling libraries/AP_DDS/AP_DDS_ExternalControl.cpp
[ 192/1049] Compiling libraries/AP_DDS/AP_DDS_Serial.cpp
[ 193/1049] Compiling libraries/AP_DDS/AP_DDS_UDP.cpp
[ 194/1049] Compiling libraries/AP_DDS/AP_DDS_Type_Conversions.cpp
[ 195/1049] Compiling libraries/AP_Declination/AP_Declination.cpp
[ 196/1049] Compiling libraries/AP_Declination/tables.cpp
[ 197/1049] Compiling libraries/AP_Devo_Telem/AP_Devo_Telem.cpp
[ 198/1049] Compiling libraries/AP_EFI/AP_EFI_ThrottleLinearisation.cpp
[ 199/1049] Compiling libraries/AP_EFI/AP_EFI.cpp
[ 200/1049] Compiling libraries/AP_EFI/AP_EFI_Currawong_ECU.cpp
[ 201/1049] Compiling libraries/AP_EFI/AP_EFI_DroneCAN.cpp
[ 202/1049] Compiling libraries/AP_EFI/AP_EFI_Backend.cpp
[ 203/1049] Compiling libraries/AP_EFI/AP_EFI_Serial_Lutan.cpp
[ 204/1049] Compiling libraries/AP_EFI/AP_EFI_Serial_MS.cpp
[ 205/1049] Compiling libraries/AP_EFI/AP_EFI_Scripting.cpp
[ 206/1049] Compiling libraries/AP_EFI/AP_EFI_NWPMU.cpp
[ 207/1049] Compiling libraries/AP_EFI/AP_EFI_Serial_Hirth.cpp
[ 208/1049] Compiling libraries/AP_EFI/AP_EFI_Loweheiser.cpp
[ 209/1049] Compiling libraries/AP_EFI/AP_EFI_MAV.cpp
[ 210/1049] Compiling libraries/AP_ESC_Telem/AP_ESC_Telem_SITL.cpp
[ 211/1049] Compiling libraries/AP_ESC_Telem/AP_ESC_Telem.cpp
[ 212/1049] Compiling libraries/AP_ExternalAHRS/AP_ExternalAHRS.cpp
[ 213/1049] Compiling libraries/AP_ExternalAHRS/AP_ExternalAHRS_MicroStrain5.cpp
[ 214/1049] Compiling libraries/AP_ExternalAHRS/AP_ExternalAHRS_GSOF.cpp
[ 215/1049] Compiling libraries/AP_ExternalAHRS/AP_ExternalAHRS_MicroStrain7.cpp
[ 216/1049] Compiling libraries/AP_ExternalAHRS/MicroStrain_common.cpp
[ 217/1049] Compiling libraries/AP_ExternalAHRS/AP_ExternalAHRS_backend.cpp
[ 218/1049] Compiling libraries/AP_ExternalAHRS/AP_ExternalAHRS_SensAItion_Parser.cpp
[ 219/1049] Compiling libraries/AP_ExternalAHRS/AP_ExternalAHRS_VectorNav.cpp
[ 220/1049] Compiling libraries/AP_ExternalAHRS/AP_ExternalAHRS_SensAItion.cpp
[ 221/1049] Compiling libraries/AP_ExternalControl/AP_ExternalControl.cpp
[ 222/1049] Compiling libraries/AP_FETtecOneWire/AP_FETtecOneWire.cpp
[ 223/1049] Compiling libraries/AP_Filesystem/posix_compat.cpp
[ 224/1049] Compiling libraries/AP_Filesystem/AP_Filesystem_Sys.cpp
[ 225/1049] Compiling libraries/AP_Filesystem/AP_Filesystem_ESP32.cpp
[ 226/1049] Compiling libraries/AP_Filesystem/AP_Filesystem_backend.cpp
[ 227/1049] Compiling libraries/AP_Filesystem/AP_Filesystem_Mission.cpp
[ 228/1049] Compiling libraries/AP_Filesystem/AP_Filesystem.cpp
[ 229/1049] Compiling libraries/AP_Filesystem/AP_Filesystem_ROMFS.cpp
[ 230/1049] Compiling libraries/AP_Filesystem/AP_Filesystem_Param.cpp
[ 231/1049] Compiling libraries/AP_Filesystem/AP_Filesystem_FATFS.cpp
[ 232/1049] Compiling libraries/AP_Filesystem/AP_Filesystem_FlashMemory_LittleFS.cpp
[ 233/1049] Compiling libraries/AP_FlashStorage/AP_FlashStorage.cpp
[ 234/1049] Compiling libraries/AP_Frsky_Telem/AP_Frsky_MAVliteMsgHandler.cpp
[ 235/1049] Compiling libraries/AP_Frsky_Telem/AP_Frsky_Backend.cpp
[ 236/1049] Compiling libraries/AP_Frsky_Telem/AP_Frsky_MAVlite_SPortToMAVlite.cpp
[ 237/1049] Compiling libraries/AP_Frsky_Telem/AP_Frsky_Telem.cpp
[ 238/1049] Compiling libraries/AP_Frsky_Telem/AP_Frsky_Parameters.cpp
[ 239/1049] Compiling libraries/AP_Frsky_Telem/AP_Frsky_SPort.cpp
[ 240/1049] Compiling libraries/AP_Frsky_Telem/AP_Frsky_MAVlite_MAVliteToSPort.cpp
[ 241/1049] Compiling libraries/AP_Frsky_Telem/AP_Frsky_MAVlite_Message.cpp
[ 242/1049] Compiling libraries/AP_Frsky_Telem/AP_Frsky_D.cpp
[ 243/1049] Compiling libraries/AP_GPS/AP_GPS_SBF.cpp
[ 244/1049] Compiling libraries/AP_GPS/AP_GPS_GSOF.cpp
[ 245/1049] Compiling libraries/AP_GPS/AP_GPS_SBP.cpp
[ 246/1049] Compiling libraries/AP_GPS/AP_GPS_Blended.cpp
[ 247/1049] Compiling libraries/AP_GPS/AP_GPS_UBLOX.cpp
[ 248/1049] Compiling libraries/AP_GPS/GPS_Backend.cpp
[ 249/1049] Compiling libraries/AP_GPS/AP_GPS.cpp
[ 250/1049] Compiling libraries/AP_GPS/AP_GPS_MAV.cpp
[ 251/1049] Compiling libraries/AP_GPS/AP_GPS_ERB.cpp
[ 252/1049] Compiling libraries/AP_GPS/AP_GPS_SBP2.cpp
[ 253/1049] Compiling libraries/AP_GPS/AP_GPS_MSP.cpp
[ 254/1049] Compiling libraries/AP_GPS/AP_GPS_NOVA.cpp
[ 255/1049] Compiling libraries/AP_GPS/AP_GPS_DroneCAN.cpp
[ 256/1049] Compiling libraries/AP_GPS/AP_GPS_ExternalAHRS.cpp
[ 257/1049] Compiling libraries/AP_GPS/AP_GPS_SIRF.cpp
[ 258/1049] Compiling libraries/AP_GPS/AP_GPS_NMEA.cpp
[ 259/1049] Compiling libraries/AP_GPS/AP_GPS_SITL.cpp
[ 260/1049] Compiling libraries/AP_GPS/AP_GPS_UBLOX_CFGv2.cpp
[ 261/1049] Compiling libraries/AP_GPS/MovingBase.cpp
[ 262/1049] Compiling libraries/AP_GPS/RTCM3_Parser.cpp
[ 263/1049] Compiling libraries/AP_GPS/AP_GPS_Params.cpp
[ 264/1049] Compiling libraries/AP_GSOF/AP_GSOF.cpp
[ 265/1049] Compiling libraries/AP_Generator/AP_Generator_IE_650_800.cpp
[ 266/1049] Compiling libraries/AP_Generator/AP_Generator_IE_2400.cpp
[ 267/1049] Compiling libraries/AP_Generator/AP_Generator.cpp
[ 268/1049] Compiling libraries/AP_Generator/AP_Generator_RichenPower.cpp
[ 269/1049] Compiling libraries/AP_Generator/AP_Generator_Loweheiser.cpp
[ 270/1049] Compiling libraries/AP_Generator/AP_Generator_IE_FuelCell.cpp
[ 271/1049] Compiling libraries/AP_Generator/AP_Generator_Cortex.cpp
[ 272/1049] Compiling libraries/AP_Generator/AP_Generator_Backend.cpp
[ 273/1049] Compiling libraries/AP_Gripper/AP_Gripper_Backend.cpp
[ 274/1049] Compiling libraries/AP_Gripper/AP_Gripper.cpp
[ 275/1049] Compiling libraries/AP_Gripper/AP_Gripper_Servo.cpp
[ 276/1049] Compiling libraries/AP_Gripper/AP_Gripper_EPM.cpp
[ 277/1049] Compiling libraries/AP_Hott_Telem/AP_Hott_Telem.cpp
[ 278/1049] Compiling libraries/AP_ICEngine/AP_ICEngine.cpp
[ 279/1049] Compiling libraries/AP_ICEngine/AP_ICEngine_TCA9554.cpp
[ 280/1049] Compiling libraries/AP_IOMCU/AP_IOMCU.cpp
[ 281/1049] Compiling libraries/AP_IOMCU/fw_uploader.cpp
[ 282/1049] Compiling libraries/AP_IRLock/AP_IRLock_I2C.cpp
[ 283/1049] Compiling libraries/AP_IRLock/AP_IRLock.cpp
[ 284/1049] Compiling libraries/AP_IRLock/AP_IRLock_SITL_Gazebo.cpp
[ 285/1049] Compiling libraries/AP_IRLock/AP_IRLock_SITL.cpp
[ 286/1049] Compiling libraries/AP_InertialSensor/AP_InertialSensor_L3G4200D.cpp
[ 287/1049] Compiling libraries/AP_InertialSensor/AP_InertialSensor_ADIS1647x.cpp
[ 288/1049] Compiling libraries/AP_InertialSensor/AP_InertialSensor_BMI160.cpp
[ 289/1049] Compiling libraries/AP_InertialSensor/AuxiliaryBus.cpp
[ 290/1049] Compiling libraries/AP_InertialSensor/AP_InertialSensor_ASM330.cpp
[ 291/1049] Compiling libraries/AP_InertialSensor/AP_InertialSensor_Logging.cpp
[ 292/1049] Compiling libraries/AP_InertialSensor/BatchSampler.cpp
[ 293/1049] Compiling libraries/AP_InertialSensor/AP_InertialSensor_SITL.cpp
[ 294/1049] Compiling libraries/AP_InertialSensor/AP_InertialSensor_LSM9DS1.cpp
[ 295/1049] Compiling libraries/AP_InertialSensor/AP_InertialSensor_tempcal.cpp
[ 296/1049] Compiling libraries/AP_InertialSensor/AP_InertialSensor_SCHA63T.cpp
[ 297/1049] Compiling libraries/AP_InertialSensor/AP_InertialSensor_NONE.cpp
[ 298/1049] Compiling libraries/AP_InertialSensor/AP_InertialSensor_Params.cpp
[ 299/1049] Compiling libraries/AP_InertialSensor/AP_InertialSensor_LSM9DS0.cpp
[ 300/1049] Compiling libraries/AP_InertialSensor/AP_InertialSensor_BMI055.cpp
[ 301/1049] Compiling libraries/AP_InertialSensor/AP_InertialSensor_Invensense.cpp
[ 302/1049] Compiling libraries/AP_InertialSensor/AP_InertialSensor_LSM6DSV.cpp
[ 303/1049] Compiling libraries/AP_InertialSensor/AP_InertialSensor_ExternalAHRS.cpp
[ 304/1049] Compiling libraries/AP_InertialSensor/AP_InertialSensor_Invensensev2.cpp
[ 305/1049] Compiling libraries/AP_InertialSensor/AP_InertialSensor_BMI270.cpp
[ 306/1049] Compiling libraries/AP_InertialSensor/AP_InertialSensor_BMI088.cpp
[ 307/1049] Compiling libraries/AP_InternalError/AP_InternalError.cpp
[ 308/1049] Compiling libraries/AP_JSON/AP_JSON.cpp
[ 309/1049] Compiling libraries/AP_KDECAN/AP_KDECAN.cpp
[ 310/1049] Compiling libraries/AP_LTM_Telem/AP_LTM_Telem.cpp
[ 311/1049] Compiling libraries/AP_LightWareSerial/AP_LightWareSerial.cpp
[ 312/1049] Compiling libraries/AP_Logger/AP_Logger_W25NXX.cpp
[ 313/1049] Compiling libraries/AP_Logger/AP_Logger_Block.cpp
[ 314/1049] Compiling libraries/AP_Logger/AP_Logger_MAVLink.cpp
[ 315/1049] Compiling libraries/AP_Logger/AP_Logger_Flash_JEDEC.cpp
[ 316/1049] Compiling libraries/AP_Logger/AP_Logger_MAVLinkLogTransfer.cpp
[ 317/1049] Compiling libraries/AP_Logger/LogFile.cpp
[ 318/1049] Compiling libraries/AP_MSP/AP_MSP_Telem_DisplayPort.cpp
[ 319/1049] Compiling libraries/AP_MSP/AP_MSP_Telem_DJI.cpp
[ 320/1049] Compiling libraries/AP_MSP/msp_sbuf.cpp
[ 321/1049] Compiling libraries/AP_MSP/AP_MSP_Telem_Generic.cpp
[ 322/1049] Compiling libraries/AP_MSP/AP_MSP_Telem_Backend.cpp
[ 323/1049] Compiling libraries/AP_MSP/AP_MSP.cpp
[ 324/1049] Compiling libraries/AP_MSP/msp.cpp
[ 325/1049] Compiling libraries/AP_Math/SplineCurve.cpp
[ 326/1049] Compiling libraries/AP_Math/control.cpp
[ 327/1049] Compiling libraries/AP_Math/quaternion.cpp
[ 328/1049] Compiling libraries/AP_Math/location_double.cpp
[ 329/1049] Compiling libraries/AP_Math/crc.cpp
[ 330/1049] Compiling libraries/AP_Math/matrixN.cpp
[ 331/1049] Compiling libraries/AP_Math/chirp.cpp
[ 332/1049] Compiling libraries/AP_Math/spline5.cpp
[ 333/1049] Compiling libraries/AP_Math/polyfit.cpp
[ 334/1049] Compiling libraries/AP_Math/matrix_alg.cpp
[ 335/1049] Compiling libraries/AP_Math/polygon.cpp
[ 336/1049] Compiling libraries/AP_Math/AP_GeodesicGrid.cpp
[ 337/1049] Compiling libraries/AP_Math/location.cpp
[ 338/1049] Compiling libraries/AP_Math/vector2.cpp
[ 339/1049] Compiling libraries/AP_Math/AP_Math.cpp
[ 340/1049] Compiling libraries/AP_Math/vector3.cpp
[ 341/1049] Compiling libraries/AP_Math/matrix3.cpp
[ 342/1049] Compiling libraries/AP_Mission/AP_Mission_ChangeDetector.cpp
[ 343/1049] Compiling libraries/AP_Mission/AP_Mission_Commands.cpp
[ 344/1049] Compiling libraries/AP_Module/AP_Module.cpp
[ 345/1049] Compiling libraries/AP_Motors/AP_MotorsHeli_Single.cpp
[ 346/1049] Compiling libraries/AP_Motors/AP_MotorsTailsitter.cpp
[ 347/1049] Compiling libraries/AP_Motors/AP_MotorsHeli_Swash.cpp
[ 348/1049] Compiling libraries/AP_Motors/AP_MotorsMatrix_6DoF_Scripting.cpp
[ 349/1049] Compiling libraries/AP_Motors/AP_MotorsMatrix_Scripting_Dynamic.cpp
[ 350/1049] Compiling libraries/AP_Motors/AP_MotorsHeli_Quad.cpp
[ 351/1049] Compiling libraries/AP_Motors/AP_Motors_Class.cpp
[ 352/1049] Compiling libraries/AP_Motors/AP_MotorsHeli_RSC.cpp
[ 353/1049] Compiling libraries/AP_Motors/AP_MotorsHeli.cpp
[ 354/1049] Compiling libraries/AP_Motors/AP_MotorsHeli_Dual.cpp
[ 355/1049] Compiling libraries/AP_Motors/AP_Motors6DOF.cpp
[ 356/1049] Compiling libraries/AP_Motors/AP_MotorsCoax.cpp
[ 357/1049] Compiling libraries/AP_Motors/AP_MotorsSingle.cpp
[ 358/1049] Compiling libraries/AP_Mount/AP_Mount_Backend_Serial.cpp
[ 359/1049] Compiling libraries/AP_Mount/AP_Mount_MAVLink.cpp
[ 360/1049] Compiling libraries/AP_Mount/AP_Mount_Servo.cpp
[ 361/1049] Compiling libraries/AP_Mount/AP_Mount_Params.cpp
[ 362/1049] Compiling libraries/AP_Mount/AP_Mount_CADDX.cpp
[ 363/1049] Compiling libraries/AP_Mount/AP_Mount.cpp
[ 364/1049] Compiling libraries/AP_Mount/AP_Mount_Alexmos.cpp
[ 365/1049] Compiling libraries/AP_Mount/AP_Mount_SToRM32.cpp
[ 366/1049] Compiling libraries/AP_Mount/AP_Mount_Backend.cpp
[ 367/1049] Compiling libraries/AP_Mount/AP_Mount_SToRM32_serial.cpp
[ 368/1049] Compiling libraries/AP_Mount/SoloGimbalEKF.cpp
[ 369/1049] Compiling libraries/AP_Mount/SoloGimbal_Parameters.cpp
[ 370/1049] Compiling libraries/AP_Mount/AP_Mount_Xacti.cpp
[ 371/1049] Compiling libraries/AP_Mount/SoloGimbal.cpp
[ 372/1049] Compiling libraries/AP_Mount/AP_Mount_XFRobot.cpp
[ 373/1049] Compiling libraries/AP_Mount/AP_Mount_Topotek.cpp
[ 374/1049] Compiling libraries/AP_Mount/AP_Mount_Viewpro.cpp
[ 375/1049] Compiling libraries/AP_Mount/AP_Mount_Siyi.cpp
[ 376/1049] Compiling libraries/AP_Mount/AP_Mount_Scripting.cpp
[ 377/1049] Compiling libraries/AP_Mount/AP_Mount_SoloGimbal.cpp
[ 378/1049] Compiling libraries/AP_MultiHeap/MultiHeap_chibios.cpp
[ 379/1049] Compiling libraries/AP_MultiHeap/AP_MultiHeap.cpp
[ 380/1049] Compiling libraries/AP_MultiHeap/MultiHeap_malloc.cpp
[ 381/1049] Compiling libraries/AP_NMEA_Output/AP_NMEA_Output.cpp
[ 382/1049] Compiling libraries/AP_NavEKF/EKFGSF_yaw.cpp
[ 383/1049] Compiling libraries/AP_NavEKF/EKF_Buffer.cpp
[ 384/1049] Compiling libraries/AP_NavEKF/EKFGSF_Logging.cpp
[ 385/1049] Compiling libraries/AP_NavEKF/AP_NavEKF_core_common.cpp
[ 386/1049] Compiling libraries/AP_NavEKF/AP_NavEKF_Source.cpp
[ 387/1049] Compiling libraries/AP_NavEKF2/AP_NavEKF2_Outputs.cpp
[ 388/1049] Compiling libraries/AP_NavEKF2/AP_NavEKF2_PosVelFusion.cpp
[ 389/1049] Compiling libraries/AP_NavEKF2/AP_NavEKF2_core.cpp
[ 390/1049] Compiling libraries/AP_NavEKF2/AP_NavEKF2_RngBcnFusion.cpp
[ 391/1049] Compiling libraries/AP_NavEKF2/AP_NavEKF2_VehicleStatus.cpp
[ 392/1049] Compiling libraries/AP_NavEKF2/AP_NavEKF2_AirDataFusion.cpp
[ 393/1049] Compiling libraries/AP_NavEKF2/AP_NavEKF2_Measurements.cpp
[ 394/1049] Compiling libraries/AP_NavEKF2/AP_NavEKF2_Logging.cpp
[ 395/1049] Compiling libraries/AP_NavEKF2/AP_NavEKF2_MagFusion.cpp
[ 396/1049] Compiling libraries/AP_NavEKF2/AP_NavEKF_GyroBias.cpp
[ 397/1049] Compiling libraries/AP_NavEKF2/AP_NavEKF2_Control.cpp
[ 398/1049] Compiling modules/lwip/src/netif/ppp/ppp.c
[ 399/1049] Compiling modules/lwip/src/netif/ppp/auth.c
[ 400/1049] Compiling modules/lwip/src/core/ipv4/acd.c
[ 401/1049] Compiling modules/lwip/src/core/tcp_out.c
[ 402/1049] Compiling modules/lwip/src/core/raw.c
[ 403/1049] Compiling modules/lwip/src/core/netif.c
[ 404/1049] Compiling modules/lwip/src/core/mem.c
[ 405/1049] Compiling modules/lwip/src/core/ip.c
[ 406/1049] Compiling modules/lwip/src/core/init.c
[ 407/1049] Compiling modules/lwip/src/core/inet_chksum.c
[ 408/1049] Compiling modules/lwip/src/core/dns.c
[ 409/1049] Compiling modules/lwip/src/core/def.c
[ 410/1049] Compiling modules/lwip/src/core/altcp_tcp.c
[ 411/1049] Compiling modules/lwip/src/core/altcp_alloc.c
[ 412/1049] Compiling libraries/AP_Networking/AP_Networking_tests.cpp
[ 413/1049] Compiling modules/lwip/src/core/altcp.c
[ 414/1049] Compiling libraries/AP_Networking/AP_Networking_port.cpp
[ 415/1049] Compiling libraries/AP_Networking/AP_Networking_macaddr.cpp
[ 416/1049] Compiling libraries/AP_Networking/AP_Networking_address.cpp
[ 417/1049] Compiling libraries/AP_Networking/AP_Networking_PPP.cpp
[ 418/1049] Compiling libraries/AP_Networking/AP_Networking_ChibiOS.cpp
[ 419/1049] Compiling libraries/AP_Networking/AP_Networking_Backend.cpp
[ 420/1049] Compiling libraries/AP_Networking/AP_Networking_CAN.cpp
[ 421/1049] Compiling modules/lwip/src/netif/ppp/mppe.c
[ 422/1049] Compiling libraries/AP_Networking/AP_Networking.cpp
[ 423/1049] Compiling modules/lwip/src/netif/ppp/vj.c
[ 424/1049] Compiling modules/lwip/src/core/ipv4/etharp.c
[ 425/1049] Compiling libraries/AP_Networking/lwip_hal/arch/sys_arch.cpp
[ 426/1049] Compiling modules/lwip/src/netif/ppp/magic.c
[ 427/1049] Compiling modules/lwip/src/netif/ppp/ccp.c
[ 428/1049] Compiling modules/lwip/src/core/timeouts.c
[ 429/1049] Compiling modules/lwip/src/netif/ppp/multilink.c
[ 430/1049] Compiling modules/lwip/src/netif/ppp/ecp.c
[ 431/1049] Compiling modules/lwip/src/core/udp.c
[ 432/1049] Compiling modules/lwip/src/netif/ppp/chap-md5.c
[ 433/1049] Compiling modules/lwip/src/netif/lowpan6_ble.c
[ 434/1049] Compiling modules/lwip/src/core/ipv4/ip4_addr.c
[ 435/1049] Compiling modules/lwip/src/core/ipv4/icmp.c
[ 436/1049] Compiling modules/lwip/src/core/stats.c
[ 437/1049] Compiling modules/lwip/src/netif/lowpan6_common.c
[ 438/1049] Compiling modules/lwip/src/netif/slipif.c
[ 439/1049] Compiling modules/lwip/src/netif/lowpan6.c
[ 440/1049] Compiling modules/lwip/src/core/pbuf.c
[ 441/1049] Compiling modules/lwip/src/netif/zepif.c
[ 442/1049] Compiling modules/lwip/src/core/ipv4/ip4_frag.c
[ 443/1049] Compiling modules/lwip/src/core/ipv4/igmp.c
[ 444/1049] Compiling modules/lwip/src/core/sys.c
[ 445/1049] Compiling modules/lwip/src/api/api_lib.c
[ 446/1049] Compiling modules/lwip/src/core/ipv4/ip4.c
[ 447/1049] Compiling modules/lwip/src/core/tcp_in.c
[ 448/1049] Compiling modules/lwip/src/core/tcp.c
[ 449/1049] Compiling libraries/AP_Networking/lwip_hal/arch/evtimer.c
[ 450/1049] Compiling modules/lwip/src/netif/ppp/pppcrypt.c
[ 451/1049] Compiling modules/lwip/src/netif/bridgeif_fdb.c
[ 452/1049] Compiling modules/lwip/src/api/netdb.c
[ 453/1049] Compiling modules/lwip/src/core/memp.c
[ 454/1049] Compiling modules/lwip/src/netif/ppp/utils.c
[ 455/1049] Compiling modules/lwip/src/netif/ppp/ipv6cp.c
[ 456/1049] Compiling modules/lwip/src/netif/ppp/eap.c
[ 457/1049] Compiling modules/lwip/src/netif/ppp/lcp.c
[ 458/1049] Compiling modules/lwip/src/netif/ppp/pppapi.c
[ 459/1049] Compiling modules/lwip/src/netif/ethernet.c
[ 460/1049] Compiling modules/lwip/src/core/ipv4/autoip.c
[ 461/1049] Compiling modules/lwip/src/netif/ppp/demand.c
[ 462/1049] Compiling modules/lwip/src/netif/ppp/eui64.c
[ 463/1049] Compiling modules/lwip/src/netif/ppp/chap-new.c
[ 464/1049] Compiling modules/lwip/src/netif/ppp/fsm.c
[ 465/1049] Compiling modules/lwip/src/netif/ppp/pppos.c
[ 466/1049] Compiling modules/lwip/src/netif/ppp/chap_ms.c
[ 467/1049] Compiling modules/lwip/src/api/netifapi.c
[ 468/1049] Compiling modules/lwip/src/core/ipv4/dhcp.c
[ 469/1049] Compiling modules/lwip/src/netif/ppp/pppoe.c
[ 470/1049] Compiling modules/lwip/src/netif/bridgeif.c
[ 471/1049] Compiling modules/lwip/src/api/sockets.c
[ 472/1049] Compiling modules/lwip/src/api/tcpip.c
[ 473/1049] Compiling modules/lwip/src/netif/ppp/upap.c
[ 474/1049] Compiling modules/lwip/src/api/if_api.c
[ 475/1049] Compiling modules/lwip/src/api/err.c
[ 476/1049] Compiling modules/lwip/src/netif/ppp/pppol2tp.c
[ 477/1049] Compiling modules/lwip/src/api/netbuf.c
[ 478/1049] Compiling modules/lwip/src/api/api_msg.c
[ 479/1049] Compiling modules/lwip/src/netif/ppp/ipcp.c
[ 480/1049] Compiling libraries/AP_Notify/VRBoard_LED.cpp
[ 481/1049] Compiling libraries/AP_Notify/ToneAlarm.cpp
[ 482/1049] Compiling libraries/AP_Notify/RGBLed.cpp
[ 483/1049] Compiling libraries/AP_Notify/NCP5623.cpp
[ 484/1049] Compiling libraries/AP_Notify/AP_BoardLED2.cpp
[ 485/1049] Compiling libraries/AP_Notify/ToshibaLED_I2C.cpp
[ 486/1049] Compiling libraries/AP_Notify/SerialLED.cpp
[ 487/1049] Compiling libraries/AP_Notify/SITL_SFML_LED.cpp
[ 488/1049] Compiling libraries/AP_Notify/ScriptingLED.cpp
[ 489/1049] Compiling libraries/AP_Notify/ProfiLED.cpp
[ 490/1049] Compiling libraries/AP_Notify/PixRacerLED.cpp
[ 491/1049] Compiling libraries/AP_Notify/NavigatorLED.cpp
[ 492/1049] Compiling libraries/AP_Notify/RCOutputRGBLed.cpp
[ 493/1049] Compiling libraries/AP_Notify/PCA9685LED_I2C.cpp
[ 494/1049] Compiling libraries/AP_Notify/NeoPixel.cpp
[ 495/1049] Compiling libraries/AP_Notify/OreoLED_I2C.cpp
[ 496/1049] Compiling libraries/AP_Notify/Led_Sysfs.cpp
[ 497/1049] Compiling libraries/AP_Notify/LP5562.cpp
[ 498/1049] Compiling libraries/AP_Notify/Display_SSD1306_I2C.cpp
[ 499/1049] Compiling libraries/AP_Notify/AP_Notify.cpp
[ 500/1049] Compiling libraries/AP_Notify/MMLPlayer.cpp
[ 501/1049] Compiling libraries/AP_Notify/GPIO_LED_1.cpp
[ 502/1049] Compiling libraries/AP_Notify/DroneCAN_RGB_LED.cpp
[ 503/1049] Compiling libraries/AP_Notify/ExternalLED.cpp
[ 504/1049] Compiling libraries/AP_Notify/Display_SH1106_I2C.cpp
[ 505/1049] Compiling libraries/AP_Notify/Display.cpp
[ 506/1049] Compiling libraries/AP_Notify/Buzzer.cpp
[ 507/1049] Compiling libraries/AP_Notify/Display_SITL.cpp
[ 508/1049] Compiling libraries/AP_Notify/IS31FL3195.cpp
[ 509/1049] Compiling libraries/AP_Notify/DShotLED.cpp
[ 510/1049] Compiling libraries/AP_Notify/DiscoLED.cpp
[ 511/1049] Compiling libraries/AP_Notify/AP_BoardLED.cpp
[ 512/1049] Compiling libraries/AP_Notify/DiscreteRGBLed.cpp
[ 513/1049] Compiling libraries/AP_OLC/AP_OLC.cpp
[ 514/1049] Compiling libraries/AP_OSD/AP_OSD_Setting.cpp
[ 515/1049] Compiling libraries/AP_OSD/AP_OSD_MSP.cpp
[ 516/1049] Compiling libraries/AP_OSD/AP_OSD_SITL.cpp
[ 517/1049] Compiling libraries/AP_OSD/AP_OSD_MAX7456.cpp
[ 518/1049] Compiling libraries/AP_OSD/AP_OSD_MSP_DisplayPort.cpp
[ 519/1049] Compiling libraries/AP_OSD/AP_OSD_Backend.cpp
[ 520/1049] Compiling libraries/AP_OSD/AP_OSD.cpp
[ 521/1049] Compiling libraries/AP_OpenDroneID/AP_OpenDroneID.cpp
[ 522/1049] Compiling libraries/AP_OpenDroneID/AP_OpenDroneID_DroneCAN.cpp
[ 523/1049] Compiling libraries/AP_OpticalFlow/AP_OpticalFlow_PX4Flow.cpp
[ 524/1049] Compiling libraries/AP_OpticalFlow/AP_OpticalFlow_Pixart.cpp
[ 525/1049] Compiling libraries/AP_OpticalFlow/AP_OpticalFlow_UPFLOW.cpp
[ 526/1049] Compiling libraries/AP_OpticalFlow/AP_OpticalFlow_SITL.cpp
[ 527/1049] Compiling libraries/AP_OpticalFlow/AP_OpticalFlow_Onboard.cpp
[ 528/1049] Compiling libraries/AP_OpticalFlow/AP_OpticalFlow_HereFlow.cpp
[ 529/1049] Compiling libraries/AP_OpticalFlow/AP_OpticalFlow_Backend.cpp
[ 530/1049] Compiling libraries/AP_OpticalFlow/AP_OpticalFlow_MSP.cpp
[ 531/1049] Compiling libraries/AP_OpticalFlow/AP_OpticalFlow_MAV.cpp
[ 532/1049] Compiling libraries/AP_OpticalFlow/AP_OpticalFlow_CXOF.cpp
[ 533/1049] Compiling libraries/AP_OpticalFlow/AP_OpticalFlow_Calibrator.cpp
[ 534/1049] Compiling libraries/AP_OpticalFlow/AP_OpticalFlow.cpp
[ 535/1049] Compiling libraries/AP_Parachute/AP_Parachute.cpp
[ 536/1049] Compiling libraries/AP_Param/AP_ParamT.cpp
[ 537/1049] Compiling libraries/AP_Param/AP_Param.cpp
[ 538/1049] Compiling libraries/AP_Proximity/AP_Proximity_Scripting.cpp
[ 539/1049] Compiling libraries/AP_Proximity/AP_Proximity_RangeFinder.cpp
[ 540/1049] Compiling libraries/AP_Proximity/AP_Proximity_MAV.cpp
[ 541/1049] Compiling libraries/AP_Proximity/AP_Proximity_SITL.cpp
[ 542/1049] Compiling libraries/AP_Proximity/AP_Proximity_RPLidarA2.cpp
[ 543/1049] Compiling libraries/AP_Proximity/AP_Proximity_MR72_CAN.cpp
[ 544/1049] Compiling libraries/AP_Proximity/AP_Proximity_Params.cpp
[ 545/1049] Compiling libraries/AP_Proximity/AP_Proximity_LightWareSF45B.cpp
[ 546/1049] Compiling libraries/AP_Proximity/AP_Proximity_DroneCAN.cpp
[ 547/1049] Compiling libraries/AP_Proximity/AP_Proximity_AirSimSITL.cpp
[ 548/1049] Compiling libraries/AP_Proximity/AP_Proximity_LD06.cpp
[ 549/1049] Compiling libraries/AP_Proximity/AP_Proximity_Cygbot_D1.cpp
[ 550/1049] Compiling libraries/AP_Proximity/AP_Proximity_Backend.cpp
[ 551/1049] Compiling libraries/AP_Proximity/AP_Proximity_Backend_Serial.cpp
[ 552/1049] Compiling libraries/AP_Proximity/AP_Proximity.cpp
[ 553/1049] Compiling libraries/AP_Proximity/AP_Proximity_TeraRangerTower.cpp
[ 554/1049] Compiling libraries/AP_Proximity/AP_Proximity_LightWareSF40C.cpp
[ 555/1049] Compiling libraries/AP_Proximity/AP_Proximity_TeraRangerTowerEvo.cpp
[ 556/1049] Compiling libraries/AP_Proximity/AP_Proximity_Boundary_3D.cpp
[ 557/1049] Compiling libraries/AP_RAMTRON/AP_RAMTRON.cpp
[ 558/1049] Compiling libraries/AP_RCMapper/AP_RCMapper.cpp
[ 559/1049] Compiling libraries/AP_RCProtocol/AP_RCProtocol_FDM.cpp
[ 560/1049] Compiling libraries/AP_RCProtocol/AP_RCProtocol_Emlid_RCIO.cpp
[ 561/1049] Compiling libraries/AP_RCProtocol/AP_RCProtocol_IOMCU.cpp
[ 562/1049] Compiling libraries/AP_RCProtocol/AP_RCProtocol_SBUS.cpp
[ 563/1049] Compiling libraries/AP_RCProtocol/AP_RCProtocol_Joystick_SFML.cpp
[ 564/1049] Compiling libraries/AP_RCProtocol/spm_srxl.cpp
[ 565/1049] Compiling libraries/AP_RCProtocol/AP_RCProtocol_DSM.cpp
[ 566/1049] Compiling libraries/AP_RCProtocol/AP_RCProtocol_SUMD.cpp
[ 567/1049] Compiling libraries/AP_RCProtocol/AP_RCProtocol_SRXL.cpp
[ 568/1049] Compiling libraries/AP_RCProtocol/AP_RCProtocol_IBUS.cpp
[ 569/1049] Compiling libraries/AP_RCProtocol/AP_RCProtocol_ST24.cpp
[ 570/1049] Compiling libraries/AP_RCProtocol/AP_RCProtocol_Radio.cpp
[ 571/1049] Compiling libraries/AP_RCProtocol/AP_RCProtocol_MAVLinkRadio.cpp
[ 572/1049] Compiling libraries/AP_RCProtocol/AP_RCProtocol_PPMSum.cpp
[ 573/1049] Compiling libraries/AP_RCProtocol/AP_RCProtocol_Backend.cpp
[ 574/1049] Compiling libraries/AP_RCProtocol/AP_RCProtocol_DroneCAN.cpp
[ 575/1049] Compiling libraries/AP_RCProtocol/SoftSerial.cpp
[ 576/1049] Compiling libraries/AP_RCTelemetry/AP_Spektrum_Telem.cpp
[ 577/1049] Compiling libraries/AP_RCTelemetry/AP_GHST_Telem.cpp
[ 578/1049] Compiling libraries/AP_ROMFS/AP_ROMFS.cpp
[ 579/1049] Compiling libraries/AP_ROMFS/tinflate.cpp
[ 580/1049] Compiling libraries/AP_RPM/RPM_HarmonicNotch.cpp
[ 581/1049] Compiling libraries/AP_RPM/RPM_Backend.cpp
[ 582/1049] Compiling libraries/AP_RPM/RPM_Pin.cpp
[ 583/1049] Compiling libraries/AP_RPM/RPM_EFI.cpp
[ 584/1049] Compiling libraries/AP_RPM/AP_RPM.cpp
[ 585/1049] Compiling libraries/AP_RPM/RPM_SITL.cpp
[ 586/1049] Compiling libraries/AP_RPM/RPM_ESC_Telem.cpp
[ 587/1049] Compiling libraries/AP_RPM/RPM_Generator.cpp
[ 588/1049] Compiling libraries/AP_RPM/RPM_DroneCAN.cpp
[ 589/1049] Compiling libraries/AP_RPM/AP_RPM_Params.cpp
[ 590/1049] Compiling libraries/AP_RSSI/AP_RSSI.cpp
[ 591/1049] Compiling libraries/AP_RTC/JitterCorrection.cpp
[ 592/1049] Compiling libraries/AP_RTC/AP_RTC.cpp
[ 593/1049] Compiling libraries/AP_Radio/AP_Radio_bk2425.cpp
[ 594/1049] Compiling libraries/AP_Radio/AP_Radio_backend.cpp
[ 595/1049] Compiling libraries/AP_Radio/AP_Radio.cpp
[ 596/1049] Compiling libraries/AP_Radio/driver_cc2500.cpp
[ 597/1049] Compiling libraries/AP_Radio/AP_Radio_cc2500.cpp
[ 598/1049] Compiling libraries/AP_Radio/driver_bk2425.cpp
[ 599/1049] Compiling libraries/AP_Radio/AP_Radio_cypress.cpp
[ 600/1049] Compiling libraries/AP_RangeFinder/AP_RangeFinder_SITL.cpp
[ 601/1049] Compiling libraries/AP_RangeFinder/AP_RangeFinder_VL53L0X.cpp
[ 602/1049] Compiling libraries/AP_RangeFinder/AP_RangeFinder_USD1_CAN.cpp
[ 603/1049] Compiling libraries/AP_RangeFinder/AP_RangeFinder_Params.cpp
[ 604/1049] Compiling libraries/AP_RangeFinder/AP_RangeFinder_JRE_Serial.cpp
[ 605/1049] Compiling libraries/AP_RangeFinder/AP_RangeFinder_Lanbao.cpp
[ 606/1049] Compiling libraries/AP_RangeFinder/AP_RangeFinder_PWM.cpp
[ 607/1049] Compiling libraries/AP_RangeFinder/AP_RangeFinder_LightWareSerial.cpp
[ 608/1049] Compiling libraries/AP_RangeFinder/AP_RangeFinder_Lua.cpp
[ 609/1049] Compiling libraries/AP_RangeFinder/AP_RangeFinder_Benewake_CAN.cpp
[ 610/1049] Compiling libraries/AP_RangeFinder/AP_RangeFinder_BBB_PRU.cpp
[ 611/1049] Compiling libraries/AP_RangeFinder/AP_RangeFinder_VL53L1X.cpp
[ 612/1049] Compiling libraries/AP_RangeFinder/AP_RangeFinder_Backend_I2C.cpp
[ 613/1049] Compiling libraries/AP_RangeFinder/AP_RangeFinder.cpp
[ 614/1049] Compiling libraries/AP_RangeFinder/AP_RangeFinder_Wasp.cpp
[ 615/1049] Compiling libraries/AP_RangeFinder/AP_RangeFinder_analog.cpp
[ 616/1049] Compiling libraries/AP_RangeFinder/AP_RangeFinder_USD1_Serial.cpp
[ 617/1049] Compiling libraries/AP_RangeFinder/AP_RangeFinder_NoopLoop.cpp
[ 618/1049] Compiling libraries/AP_RangeFinder/AP_RangeFinder_MaxsonarI2CXL.cpp
[ 619/1049] Compiling libraries/AP_RangeFinder/AP_RangeFinder_LeddarOne.cpp
[ 620/1049] Compiling libraries/AP_RangeFinder/AP_RangeFinder_PulsedLightLRF.cpp
[ 621/1049] Compiling libraries/AP_RangeFinder/AP_RangeFinder_NRA24_CAN.cpp
[ 622/1049] Compiling libraries/AP_RangeFinder/AP_RangeFinder_MaxsonarSerialLV.cpp
[ 623/1049] Compiling libraries/AP_RangeFinder/AP_RangeFinder_NMEA.cpp
[ 624/1049] Compiling libraries/AP_RangeFinder/AP_RangeFinder_MSP.cpp
[ 625/1049] Compiling libraries/AP_RangeFinder/AP_RangeFinder_LightWare_GRF_I2C.cpp
[ 626/1049] Compiling libraries/AP_RangeFinder/AP_RangeFinder_LeddarVu8.cpp
[ 627/1049] Compiling libraries/AP_RangeFinder/AP_RangeFinder_MAVLink.cpp
[ 628/1049] Compiling libraries/AP_RangeFinder/AP_RangeFinder_LightWare_GRF_Common.cpp
[ 629/1049] Compiling libraries/AP_RangeFinder/AP_RangeFinder_LightWare_GRF.cpp
[ 630/1049] Compiling libraries/AP_RangeFinder/AP_RangeFinder_LightWareI2C.cpp
[ 631/1049] Compiling libraries/AP_RangeFinder/AP_RangeFinder_GYUS42v2.cpp
[ 632/1049] Compiling libraries/AP_RangeFinder/AP_RangeFinder_Benewake_TFMiniPlus.cpp
[ 633/1049] Compiling libraries/AP_RangeFinder/AP_RangeFinder_Benewake_TFS20L.cpp
[ 634/1049] Compiling libraries/AP_RangeFinder/AP_RangeFinder_RDS02UF.cpp
[ 635/1049] Compiling libraries/AP_RangeFinder/AP_RangeFinder_HC_SR04.cpp
[ 636/1049] Compiling libraries/AP_RangeFinder/AP_RangeFinder_Benewake.cpp
[ 637/1049] Compiling libraries/AP_RangeFinder/AP_RangeFinder_Backend_CAN.cpp
[ 638/1049] Compiling libraries/AP_RangeFinder/AP_RangeFinder_Ainstein_LR_D1.cpp
[ 639/1049] Compiling libraries/AP_RangeFinder/AP_RangeFinder_Bebop.cpp
[ 640/1049] Compiling libraries/AP_RangeFinder/AP_RangeFinder_Backend_Serial.cpp
[ 641/1049] Compiling libraries/AP_RangeFinder/AP_RangeFinder_BLPing.cpp
[ 642/1049] Compiling libraries/AP_RangeFinder/AP_RangeFinder_Backend.cpp
[ 643/1049] Compiling libraries/AP_RangeFinder/AP_RangeFinder_DTS6012M.cpp
[ 644/1049] Compiling libraries/AP_RangeFinder/AP_RangeFinder_TOFSenseF_I2C.cpp
[ 645/1049] Compiling libraries/AP_RangeFinder/AP_RangeFinder_DroneCAN.cpp
[ 646/1049] Compiling libraries/AP_RangeFinder/AP_RangeFinder_TOFSenseP_CAN.cpp
[ 647/1049] Compiling libraries/AP_RangeFinder/AP_RangeFinder_TeraRanger_Serial.cpp
[ 648/1049] Compiling libraries/AP_RangeFinder/AP_RangeFinder_TeraRangerI2C.cpp
[ 649/1049] Compiling libraries/AP_Relay/AP_Relay_Params.cpp
[ 650/1049] Compiling libraries/AP_RobotisServo/AP_RobotisServo.cpp
[ 651/1049] Compiling libraries/AP_SBusOut/AP_SBusOut.cpp
[ 652/1049] Compiling libraries/AP_Scheduler/PerfInfo.cpp
[ 653/1049] Compiling libraries/AP_SerialLED/AP_SerialLED.cpp
[ 654/1049] Compiling libraries/AP_SerialManager/AP_SerialManager.cpp
[ 655/1049] Compiling libraries/AP_ServoRelayEvents/AP_ServoRelayEvents.cpp
[ 656/1049] Compiling libraries/AP_Servo_Telem/AP_Servo_Telem.cpp
[ 657/1049] Compiling libraries/AP_SmartRTL/AP_SmartRTL.cpp
[ 658/1049] Compiling libraries/AP_Stats/AP_Stats.cpp
[ 659/1049] Compiling libraries/AP_SurfaceDistance/AP_SurfaceDistance.cpp
[ 660/1049] Compiling libraries/AP_TempCalibration/AP_TempCalibration.cpp
[ 661/1049] Compiling libraries/AP_TemperatureSensor/AP_TemperatureSensor_Analog.cpp
[ 662/1049] Compiling libraries/AP_TemperatureSensor/AP_TemperatureSensor_TSYS03.cpp
[ 663/1049] Compiling libraries/AP_TemperatureSensor/AP_TemperatureSensor_TMP119.cpp
[ 664/1049] Compiling libraries/AP_TemperatureSensor/AP_TemperatureSensor_TSYS01.cpp
[ 665/1049] Compiling libraries/AP_TemperatureSensor/AP_TemperatureSensor_SHT3x.cpp
[ 666/1049] Compiling libraries/AP_TemperatureSensor/AP_TemperatureSensor_Params.cpp
[ 667/1049] Compiling libraries/AP_TemperatureSensor/AP_TemperatureSensor_MCP9600.cpp
[ 668/1049] Compiling libraries/AP_TemperatureSensor/AP_TemperatureSensor_DroneCAN.cpp
[ 669/1049] Compiling libraries/AP_TemperatureSensor/AP_TemperatureSensor_MAX31865.cpp
[ 670/1049] Compiling libraries/AP_TemperatureSensor/AP_TemperatureSensor_MLX90614.cpp
[ 671/1049] Compiling libraries/AP_TemperatureSensor/AP_TemperatureSensor_Backend.cpp
[ 672/1049] Compiling libraries/AP_Terrain/TerrainMission.cpp
[ 673/1049] Compiling libraries/AP_Terrain/TerrainUtil.cpp
[ 674/1049] Compiling libraries/AP_Terrain/TerrainIO.cpp
[ 675/1049] Compiling libraries/AP_Terrain/TerrainGCS.cpp
[ 676/1049] Compiling libraries/AP_Torqeedo/AP_Torqeedo_TQBus.cpp
[ 677/1049] Compiling libraries/AP_Torqeedo/AP_Torqeedo.cpp
[ 678/1049] Compiling libraries/AP_Torqeedo/AP_Torqeedo_Backend.cpp
[ 679/1049] Compiling libraries/AP_Torqeedo/AP_Torqeedo_Params.cpp
[ 680/1049] Compiling libraries/AP_Tuning/AP_Tuning.cpp
[ 681/1049] Compiling libraries/AP_Vehicle/Parameters.cpp
[ 682/1049] Compiling libraries/AP_VideoTX/AP_SmartAudio.cpp
[ 683/1049] Compiling libraries/AP_VideoTX/AP_Tramp.cpp
[ 684/1049] Compiling libraries/AP_VideoTX/AP_VideoTX.cpp
[ 685/1049] Compiling libraries/AP_VisualOdom/AP_VisualOdom_MAV.cpp
[ 686/1049] Compiling libraries/AP_VisualOdom/AP_VisualOdom_Logging.cpp
[ 687/1049] Compiling libraries/AP_VisualOdom/AP_VisualOdom_Backend.cpp
[ 688/1049] Compiling libraries/AP_VisualOdom/AP_VisualOdom_IntelT265.cpp
[ 689/1049] Compiling libraries/AP_VisualOdom/AP_VisualOdom.cpp
[ 690/1049] Compiling libraries/AP_Volz_Protocol/AP_Volz_Protocol.cpp
[ 691/1049] Compiling libraries/AP_WheelEncoder/WheelEncoder_Backend.cpp
[ 692/1049] Compiling libraries/AP_WheelEncoder/WheelEncoder_Quadrature.cpp
[ 693/1049] Compiling libraries/AP_WheelEncoder/WheelEncoder_SITL_Quadrature.cpp
[ 694/1049] Compiling libraries/AP_WheelEncoder/AP_WheelRateControl.cpp
[ 695/1049] Compiling libraries/AP_WheelEncoder/AP_WheelEncoder.cpp
[ 696/1049] Compiling libraries/AP_Winch/AP_Winch_Daiwa.cpp
[ 697/1049] Compiling libraries/AP_Winch/AP_Winch_Backend.cpp
[ 698/1049] Compiling libraries/AP_Winch/AP_Winch_PWM.cpp
[ 699/1049] Compiling libraries/AP_Winch/AP_Winch.cpp
[ 700/1049] Compiling libraries/Filter/LowPassFilter2p.cpp
[ 701/1049] Compiling libraries/Filter/ModeFilter.cpp
[ 702/1049] Compiling libraries/Filter/AP_Filter.cpp
[ 703/1049] Compiling libraries/Filter/SlewLimiter.cpp
[ 704/1049] Compiling libraries/Filter/NotchFilter.cpp
[ 705/1049] Compiling libraries/Filter/DerivativeFilter.cpp
[ 706/1049] Compiling libraries/Filter/AP_NotchFilter_params.cpp
[ 707/1049] Compiling libraries/Filter/LowPassFilter.cpp
[ 708/1049] Compiling libraries/Filter/AP_Filter_params.cpp
[ 709/1049] Compiling libraries/GCS_MAVLink/GCS_serial_control.cpp
[ 710/1049] Compiling libraries/GCS_MAVLink/MissionItemProtocol_Fence.cpp
[ 711/1049] Compiling libraries/GCS_MAVLink/GCS_Rally.cpp
[ 712/1049] Compiling libraries/GCS_MAVLink/GCS_MAVLink.cpp
[ 713/1049] Compiling libraries/GCS_MAVLink/MissionItemProtocol_Rally.cpp
[ 714/1049] Compiling libraries/GCS_MAVLink/GCS_DeviceOp.cpp
[ 715/1049] Compiling libraries/GCS_MAVLink/MissionItemProtocol_Waypoints.cpp
[ 716/1049] Compiling libraries/GCS_MAVLink/MAVLink_routing.cpp
[ 717/1049] Compiling libraries/GCS_MAVLink/GCS_FTP.cpp
[ 718/1049] Compiling libraries/GCS_MAVLink/GCS_Signing.cpp
[ 719/1049] Compiling libraries/GCS_MAVLink/GCS_ServoRelay.cpp
[ 720/1049] Compiling libraries/GCS_MAVLink/MissionItemProtocol.cpp
[ 721/1049] Compiling libraries/GCS_MAVLink/GCS_Param.cpp
[ 722/1049] Compiling libraries/RC_Channel/RC_Channels.cpp
[ 723/1049] Compiling libraries/SRV_Channel/SRV_Channels.cpp
[ 724/1049] Compiling libraries/SRV_Channel/SRV_Channel.cpp
[ 725/1049] Compiling libraries/SRV_Channel/SRV_Channel_aux.cpp
[ 726/1049] Compiling libraries/AP_HAL/utility/RCOutput_Tap_Linux.cpp
[ 727/1049] Compiling libraries/AP_HAL/UARTDriver.cpp
[ 728/1049] Compiling libraries/AP_HAL/Scheduler.cpp
[ 729/1049] Compiling libraries/AP_HAL/HAL.cpp
[ 730/1049] Compiling libraries/AP_HAL/utility/utoa_invert.cpp
[ 731/1049] Compiling libraries/AP_HAL/RCOutput.cpp
[ 732/1049] Compiling libraries/AP_HAL/system.cpp
[ 733/1049] Compiling libraries/AP_HAL/utility/st24.cpp
[ 734/1049] Compiling libraries/AP_HAL/utility/Socket_native.cpp
[ 735/1049] Compiling libraries/AP_HAL/Util.cpp
[ 736/1049] Compiling libraries/AP_HAL/utility/dsm.cpp
[ 737/1049] Compiling libraries/AP_HAL/utility/sumd.cpp
[ 738/1049] Compiling libraries/AP_HAL/Device.cpp
[ 739/1049] Compiling libraries/AP_HAL/GPIO.cpp
[ 740/1049] Compiling libraries/AP_HAL/utility/packetise.cpp
[ 741/1049] Compiling libraries/AP_HAL/Semaphores.cpp
[ 742/1049] Compiling libraries/AP_HAL/utility/DataRateLimit.cpp
[ 743/1049] Compiling libraries/AP_HAL/Storage.cpp
[ 744/1049] Compiling libraries/AP_HAL/DSP.cpp
[ 745/1049] Compiling libraries/AP_HAL/utility/getopt_cpp.cpp
[ 746/1049] Compiling libraries/AP_HAL/utility/RingBuffer.cpp
[ 747/1049] Compiling libraries/AP_HAL/utility/replace.cpp
[ 748/1049] Compiling libraries/AP_HAL/utility/RCOutput_Tap.cpp
[ 749/1049] Compiling libraries/AP_HAL/CANIface.cpp
[ 750/1049] Compiling libraries/AP_HAL/utility/BetterStream.cpp
[ 751/1049] Compiling libraries/AP_HAL/utility/Socket.cpp
[ 752/1049] Compiling libraries/AP_HAL/utility/print_vprintf.cpp
[ 753/1049] Compiling libraries/AP_HAL/utility/ftoa_engine.cpp
[ 754/1049] Compiling libraries/AP_HAL/utility/srxl.cpp
[ 755/1049] Compiling libraries/AP_HAL_Empty/AnalogIn.cpp
[ 756/1049] Compiling libraries/AP_HAL_Empty/RCInput.cpp
[ 757/1049] Compiling libraries/AP_HAL_Empty/UARTDriver.cpp
[ 758/1049] Compiling libraries/AP_HAL_Empty/Storage.cpp
[ 759/1049] Compiling libraries/AP_HAL_Empty/Semaphores.cpp
[ 760/1049] Compiling libraries/AP_HAL_Empty/HAL_Empty_Class.cpp
[ 761/1049] Compiling libraries/AP_HAL_Empty/RCOutput.cpp
[ 762/1049] Compiling libraries/AP_HAL_Empty/GPIO.cpp
[ 763/1049] Compiling libraries/AP_HAL_ChibiOS/SoftSigReader.cpp
[ 764/1049] Compiling libraries/AP_HAL_ChibiOS/ap_setjmp.c
[ 765/1049] Compiling libraries/AP_HAL_ChibiOS/AnalogIn.cpp
[ 766/1049] Compiling libraries/AP_HAL_ChibiOS/WSPIDevice.cpp
[ 767/1049] Compiling libraries/AP_HAL_ChibiOS/RCOutput_serial.cpp
[ 768/1049] Compiling libraries/AP_HAL_ChibiOS/RCOutput_bdshot.cpp
[ 769/1049] Compiling libraries/AP_HAL_ChibiOS/Semaphores.cpp
[ 770/1049] Compiling libraries/AP_HAL_ChibiOS/I2CDevice.cpp
[ 771/1049] Compiling libraries/AP_HAL_ChibiOS/SPIDevice.cpp
[ 772/1049] Compiling libraries/AP_HAL_ChibiOS/RCOutput_iofirmware.cpp
[ 773/1049] Compiling libraries/AP_HAL_ChibiOS/RCInput.cpp
[ 774/1049] Compiling libraries/AP_HAL_ChibiOS/DSP.cpp
[ 775/1049] Compiling libraries/AP_HAL_ChibiOS/SoftSigReaderInt.cpp
[ 776/1049] Compiling libraries/AP_HAL_ChibiOS/shared_dma.cpp
[ 777/1049] Compiling libraries/AP_HAL_ChibiOS/CanIface.cpp
[ 778/1049] Compiling libraries/AP_HAL_ChibiOS/Device.cpp
[ 779/1049] Compiling libraries/AP_HAL_ChibiOS/Scheduler.cpp
[ 780/1049] Compiling libraries/AP_HAL_ChibiOS/stdio.cpp
[ 781/1049] Compiling libraries/AP_HAL_ChibiOS/Util.cpp
[ 782/1049] Compiling libraries/AP_HAL_ChibiOS/sdcard.cpp
[ 783/1049] Compiling libraries/AP_HAL_ChibiOS/RCOutput.cpp
[ 784/1049] Compiling libraries/AP_HAL_ChibiOS/CANFDIface.cpp
[ 785/1049] Compiling libraries/AP_HAL_ChibiOS/UARTDriver.cpp
[ 786/1049] Compiling libraries/AP_Scripting/AP_Scripting_SerialDevice.cpp
[ 787/1049] Compiling libraries/AP_Scripting/AP_Scripting_CANSensor.cpp
[ 788/1049] Compiling libraries/AP_Scripting/AP_Scripting_SerialAccess.cpp
[ 789/1049] Compiling libraries/AP_Scripting/AP_Scripting.cpp
[ 790/1049] Compiling libraries/AP_Scripting/lua/src/lstrlib.c
[ 791/1049] Compiling libraries/AP_Scripting/lua/src/llex.c
[ 792/1049] Compiling libraries/AP_Scripting/lua/src/ldebug.c
[ 793/1049] Compiling libraries/AP_Scripting/lua/src/lparser.c
[ 794/1049] Compiling libraries/AP_Scripting/lua/src/lfunc.c
[ 795/1049] Compiling libraries/AP_Scripting/lua/src/lapi.c
[ 796/1049] Compiling libraries/AP_Scripting/lua/src/lopcodes.c
[ 797/1049] Compiling libraries/AP_Scripting/lua/src/ldump.c
[ 798/1049] Compiling libraries/AP_Scripting/lua/src/lctype.c
[ 799/1049] Compiling libraries/AP_Scripting/lua/src/loslib.c
[ 800/1049] Compiling libraries/AP_Scripting/lua/src/lmathlib.c
[ 801/1049] Compiling libraries/AP_Scripting/lua/src/liolib.c
[ 802/1049] Compiling libraries/AP_Scripting/lua/src/lgc.c
[ 803/1049] Compiling libraries/AP_Scripting/lua/src/lcode.c
[ 804/1049] Compiling libraries/AP_Scripting/lua/src/lstring.c
[ 805/1049] Compiling libraries/AP_Scripting/lua/src/ltablib.c
[ 806/1049] Compiling libraries/AP_Scripting/lua/src/lmem.c
[ 807/1049] Compiling libraries/AP_Scripting/lua/src/linit.c
[ 808/1049] Compiling libraries/AP_Scripting/lua/src/lcorolib.c
[ 809/1049] Compiling libraries/AP_Scripting/lua/src/lua.c
[ 810/1049] Compiling libraries/AP_Scripting/lua/src/lbaselib.c
[ 811/1049] Compiling libraries/AP_Scripting/lua/src/luac.c
[ 812/1049] Compiling libraries/AP_Scripting/lua/src/ltable.c
[ 813/1049] Compiling libraries/AP_Scripting/lua/src/lundump.c
[ 814/1049] Compiling libraries/AP_Scripting/lua/src/ltm.c
[ 815/1049] Compiling libraries/AP_Scripting/lua/src/lutf8lib.c
[ 816/1049] Compiling libraries/AP_Scripting/lua/src/lvm.c
[ 817/1049] Compiling libraries/AP_Scripting/lua/src/lzio.c
[ 818/1049] Compiling libraries/AP_Scripting/lua/src/lstate.c
[ 819/1049] Compiling libraries/AP_Scripting/lua/src/lobject.c
[ 820/1049] Compiling libraries/AP_Scripting/lua/src/lauxlib.c
[ 821/1049] Compiling libraries/AP_Scripting/lua/src/ldblib.c
[ 822/1049] Compiling libraries/AP_Scripting/lua/src/ldo.c
[ 823/1049] Compiling libraries/AP_Scripting/lua/src/lbitlib.c
[ 824/1049] Compiling libraries/AP_Scripting/lua/src/loadlib.c
[ 825/1049] Compiling libraries/AP_ADSB/sagetech-sdk/target.c
[ 826/1049] Compiling libraries/AP_ADSB/sagetech-sdk/sgEncodeOperating.c
[ 827/1049] Compiling libraries/AP_ADSB/sagetech-sdk/sgEncodeGPS.c
[ 828/1049] Compiling libraries/AP_ADSB/sagetech-sdk/sgEncodeDataReq.c
[ 829/1049] Compiling libraries/AP_ADSB/sagetech-sdk/toHeading.c
[ 830/1049] Compiling libraries/AP_ADSB/sagetech-sdk/uint162Buf.c
[ 831/1049] Compiling libraries/AP_ADSB/sagetech-sdk/charArray2Buf.c
[ 832/1049] Compiling libraries/AP_ADSB/sagetech-sdk/sgDecodeAck.c
[ 833/1049] Compiling libraries/AP_ADSB/sagetech-sdk/toUint32.c
[ 834/1049] Compiling libraries/AP_ADSB/sagetech-sdk/toInt32.c
[ 835/1049] Compiling libraries/AP_ADSB/sagetech-sdk/sgEncodeFlightId.c
[ 836/1049] Compiling libraries/AP_ADSB/sagetech-sdk/appendChecksum.c
[ 837/1049] Compiling libraries/AP_ADSB/sagetech-sdk/toTOA.c
[ 838/1049] Compiling libraries/AP_ADSB/sagetech-sdk/sgDecodeSVR.c
[ 839/1049] Compiling libraries/AP_ADSB/sagetech-sdk/sgDecodeMSR.c
[ 840/1049] Compiling libraries/AP_ADSB/sagetech-sdk/sgDecodeInstall.c
[ 841/1049] Compiling libraries/AP_ADSB/sagetech-sdk/sgEncodeTargetReq.c
[ 842/1049] Compiling libraries/AP_ADSB/sagetech-sdk/sgEncodeInstall.c
[ 843/1049] Compiling libraries/AP_ADSB/sagetech-sdk/toUint16.c
[ 844/1049] Compiling libraries/AP_ADSB/sagetech-sdk/toInt16.c
[ 845/1049] Compiling libraries/AP_ADSB/sagetech-sdk/uint322Buf.c
[ 846/1049] Compiling libraries/AP_ADSB/sagetech-sdk/float2Buf.c
[ 847/1049] Compiling libraries/AP_ADSB/sagetech-sdk/toIcao.c
[ 848/1049] Compiling libraries/AP_ADSB/sagetech-sdk/toHeading2.c
[ 849/1049] Compiling libraries/AP_ADSB/sagetech-sdk/toVel.c
[ 850/1049] Compiling libraries/AP_ADSB/sagetech-sdk/toAlt.c
[ 851/1049] Compiling libraries/AP_ADSB/sagetech-sdk/sgDecodeFlightId.c
[ 852/1049] Compiling libraries/AP_ADSB/sagetech-sdk/toGS.c
[ 853/1049] Compiling libraries/AP_ADSB/sagetech-sdk/toLatLon.c
[ 854/1049] Compiling libraries/AP_ADSB/sagetech-sdk/icao2Buf.c
[ 855/1049] Compiling libraries/AP_ADSB/sagetech-sdk/calcChecksum.c
[ 856/1049] Compiling libraries/AP_AHRS/AP_AHRS_DCM.cpp
[ 857/1049] Compiling libraries/AP_AHRS/AP_AHRS.cpp
[ 858/1049] Compiling libraries/AP_AHRS/AP_AHRS_Backend.cpp
[ 859/1049] Compiling libraries/AP_Airspeed/AP_Airspeed_Params.cpp
[ 860/1049] Compiling libraries/AP_Airspeed/AP_Airspeed.cpp
[ 861/1049] Compiling libraries/AP_Airspeed/AP_Airspeed_NMEA.cpp
[ 862/1049] Compiling libraries/AP_Baro/AP_Baro.cpp
[ 863/1049] Compiling libraries/AP_Baro/AP_Baro_SITL.cpp
[ 864/1049] Compiling libraries/AP_Baro/AP_Baro_Backend.cpp
[ 865/1049] Compiling libraries/AP_BattMonitor/AP_BattMonitor_Params.cpp
[ 866/1049] Compiling libraries/AP_BattMonitor/AP_BattMonitor.cpp
[ 867/1049] Compiling libraries/AP_BoardConfig/AP_BoardConfig.cpp
[ 868/1049] Compiling libraries/AP_HAL/SIMState.cpp
[ 869/1049] Compiling libraries/AP_InertialSensor/AP_InertialSensor.cpp
[ 870/1049] Compiling libraries/AP_InertialSensor/FastRateBuffer.cpp
[ 871/1049] Compiling libraries/AP_InertialSensor/AP_InertialSensor_Invensensev3.cpp
[ 872/1049] Compiling libraries/AP_InertialSensor/AP_InertialSensor_Backend.cpp
[ 873/1049] Compiling libraries/AP_Math/SCurve.cpp
[ 874/1049] Compiling libraries/AP_Mission/AP_Mission.cpp
[ 875/1049] Compiling libraries/AP_DAL/AP_DAL_Beacon.cpp
[ 876/1049] Compiling libraries/AP_DAL/AP_DAL_VisualOdom.cpp
[ 877/1049] Compiling libraries/AP_DAL/AP_DAL_RangeFinder.cpp
[ 878/1049] Compiling libraries/AP_DAL/AP_DAL.cpp
[ 879/1049] Compiling libraries/AP_NavEKF2/AP_NavEKF2_OptFlowFusion.cpp
[ 880/1049] Compiling libraries/AP_NavEKF2/AP_NavEKF2.cpp
[ 881/1049] Compiling libraries/AP_NavEKF3/AP_NavEKF3_Control.cpp
[ 882/1049] Compiling libraries/AP_NavEKF3/AP_NavEKF3_GyroBias.cpp
[ 883/1049] Compiling libraries/AP_NavEKF3/AP_NavEKF3_AirDataFusion.cpp
[ 884/1049] Compiling libraries/AP_NavEKF3/AP_NavEKF3_VehicleStatus.cpp
[ 885/1049] Compiling libraries/AP_NavEKF3/AP_NavEKF3_core.cpp
[ 886/1049] Compiling libraries/AP_NavEKF3/AP_NavEKF3_Measurements.cpp
[ 887/1049] Compiling libraries/AP_NavEKF3/AP_NavEKF3_MagFusion.cpp
[ 888/1049] Compiling libraries/AP_NavEKF3/AP_NavEKF3_Logging.cpp
[ 889/1049] Compiling libraries/AP_NavEKF3/AP_NavEKF3_RngBcnFusion.cpp
[ 890/1049] Compiling libraries/AP_NavEKF3/AP_NavEKF3_Outputs.cpp
[ 891/1049] Compiling libraries/AP_NavEKF3/AP_NavEKF3_OptFlowFusion.cpp
[ 892/1049] Compiling libraries/AP_NavEKF3/AP_NavEKF3_PosVelFusion.cpp
[ 893/1049] Compiling libraries/AP_NavEKF3/AP_NavEKF3.cpp
[ 894/1049] Compiling libraries/AP_Rally/AP_Rally.cpp
[ 895/1049] Compiling libraries/AP_Scheduler/AP_Scheduler.cpp
[ 896/1049] Compiling libraries/AP_Terrain/AP_Terrain.cpp
[ 897/1049] Compiling libraries/AP_Vehicle/AP_Vehicle.cpp
[ 898/1049] Compiling libraries/AP_Logger/AP_Logger_Backend.cpp
[ 899/1049] Compiling libraries/AP_Logger/AP_Logger.cpp
[ 900/1049] Compiling libraries/AP_Logger/AP_Logger_File.cpp
[ 901/1049] Compiling libraries/AP_Logger/LoggerMessageWriter.cpp
[ 902/1049] Compiling libraries/Filter/HarmonicNotchFilter.cpp
[ 903/1049] Compiling libraries/GCS_MAVLink/GCS_Fence.cpp
[ 904/1049] Compiling libraries/GCS_MAVLink/GCS.cpp
[ 905/1049] Compiling libraries/GCS_MAVLink/GCS_Common.cpp
[ 906/1049] Compiling libraries/GCS_MAVLink/GCS_MAVLink_Parameters.cpp
[ 907/1049] Compiling libraries/GCS_MAVLink/GCS_Dummy.cpp
[ 908/1049] Compiling libraries/RC_Channel/RC_Channel.cpp
[ 909/1049] Compiling libraries/StorageManager/StorageManager.cpp
[ 910/1049] Compiling libraries/AP_Frsky_Telem/AP_Frsky_SPort_Passthrough.cpp
[ 911/1049] Compiling libraries/AP_IBus_Telem/AP_IBus_Telem.cpp
[ 912/1049] Compiling libraries/AP_Relay/AP_Relay.cpp
[ 913/1049] Compiling libraries/AP_RCProtocol/AP_RCProtocol_GHST.cpp
[ 914/1049] Compiling libraries/AP_RCProtocol/AP_RCProtocol_CRSF.cpp
[ 915/1049] Compiling libraries/AP_RCProtocol/AP_RCProtocol_UDP.cpp
[ 916/1049] Compiling libraries/AP_RCProtocol/AP_RCProtocol.cpp
[ 917/1049] Compiling libraries/AP_RCProtocol/AP_RCProtocol_FPort2.cpp
[ 918/1049] Compiling libraries/AP_RCProtocol/AP_RCProtocol_SRXL2.cpp
[ 919/1049] Compiling libraries/AP_RCProtocol/AP_RCProtocol_FPort.cpp
[ 920/1049] Compiling libraries/AP_BLHeli/AP_BLHeli.cpp
[ 921/1049] Compiling libraries/AP_Proximity/AP_Proximity_Utils.cpp
[ 922/1049] Compiling libraries/AC_Fence/AC_PolyFence_loader.cpp
[ 923/1049] Compiling libraries/AC_Fence/AC_Fence.cpp
[ 924/1049] Compiling libraries/AC_Avoidance/AP_OADatabase.cpp
[ 925/1049] Compiling libraries/AC_Avoidance/AP_OABendyRuler.cpp
[ 926/1049] Compiling libraries/AC_Avoidance/AC_Avoid.cpp
[ 927/1049] Compiling libraries/AP_LandingGear/AP_LandingGear.cpp
[ 928/1049] Compiling libraries/AP_OSD/AP_OSD_ParamSetting.cpp
[ 929/1049] Compiling libraries/AP_OSD/AP_OSD_ParamScreen.cpp
[ 930/1049] Compiling libraries/AP_OSD/AP_OSD_Screen.cpp
[ 931/1049] Compiling libraries/AP_Filesystem/AP_Filesystem_posix.cpp
[ 932/1049] Compiling libraries/AP_ADSB/AP_ADSB.cpp
[ 933/1049] Compiling libraries/AP_ADSB/AP_ADSB_Sagetech_MXS.cpp
[ 934/1049] Compiling libraries/AP_ESC_Telem/AP_ESC_Telem_Backend.cpp
[ 935/1049] Compiling libraries/AP_GyroFFT/AP_GyroFFT.cpp
[ 936/1049] Compiling libraries/AP_RCTelemetry/AP_RCTelemetry.cpp
[ 937/1049] Compiling libraries/AP_RCTelemetry/AP_CRSF_Telem.cpp
[ 938/1049] Compiling libraries/AP_ExternalAHRS/AP_ExternalAHRS_SBG.cpp
[ 939/1049] Compiling libraries/AP_ExternalAHRS/AP_ExternalAHRS_InertialLabs.cpp
[ 940/1049] Compiling libraries/AP_TemperatureSensor/AP_TemperatureSensor.cpp
[ 941/1049] Compiling libraries/AP_AIS/AP_AIS.cpp
[ 942/1049] Compiling libraries/AP_Arming/AP_Arming.cpp
[ 943/1049] Compiling libraries/AP_Follow/AP_Follow.cpp
[ 944/1049] Compiling libraries/AC_AttitudeControl/AC_WeatherVane.cpp
[ 945/1049] Compiling libraries/AC_AttitudeControl/AC_AttitudeControl.cpp
[ 946/1049] Compiling libraries/AC_AttitudeControl/AC_PosControl.cpp
[ 947/1049] Compiling libraries/AC_PrecLand/AC_PrecLand.cpp
[ 948/1049] Compiling libraries/AC_WPNav/AC_Loiter.cpp
[ 949/1049] Compiling libraries/AC_WPNav/AC_WPNav.cpp
[ 950/1049] Compiling libraries/AC_WPNav/AC_Circle.cpp
[ 951/1049] Compiling libraries/AP_Motors/AP_MotorsMulticopter.cpp
[ 952/1049] Compiling libraries/AP_Motors/AP_MotorsTri.cpp
[ 953/1049] Compiling libraries/AP_Motors/AP_Motors_Thrust_Linearization.cpp
[ 954/1049] Compiling libraries/AP_Motors/AP_MotorsMatrix.cpp
[ 955/1049] Compiling libraries/AP_Avoidance/AP_Avoidance.cpp
[ 956/1049] Compiling libraries/AC_AutoTune/AC_AutoTune_Multi.cpp
[ 957/1049] Compiling libraries/AC_AutoTune/AC_AutoTune.cpp
[ 958/1049] Compiling libraries/AP_HAL_ChibiOS/Storage.cpp
[ 959/1049] Compiling libraries/AP_HAL_ChibiOS/HAL_ChibiOS_Class.cpp
[ 960/1049] Compiling libraries/AP_HAL_ChibiOS/GPIO.cpp
[ 961/1049] Compiling libraries/AP_HAL_ChibiOS/system.cpp
[ 962/1049] Compiling libraries/AP_Scripting/lua_scripts.cpp
[ 963/1049] Compiling ../speedybeef4v5/libraries/AP_Scripting/lua_generated_bindings.cpp
[ 964/1049] Compiling libraries/AP_Scripting/lua_boxed_numerics.cpp
[ 965/1049] Compiling libraries/AP_Scripting/lua_bindings.cpp
[ 966/1049] Compiling libraries/AP_Scripting/AP_Scripting_helpers.cpp
[ 967/1049] Compiling libraries/AP_Scripting/AP_Scripting_CRSFMenu.cpp
[ 968/1049] Compiling ArduCopter/AP_Arming_Copter.cpp
[ 969/1049] Compiling ArduCopter/surface_tracking.cpp
[ 970/1049] Compiling ArduCopter/UserParameters.cpp
[ 971/1049] Compiling ArduCopter/mode_guided_nogps.cpp
[ 972/1049] Compiling ArduCopter/land_detector.cpp
[ 973/1049] Compiling ArduCopter/mode_autotune.cpp
[ 974/1049] Compiling ArduCopter/mode_rtl.cpp
[ 975/1049] Compiling ArduCopter/Log.cpp
[ 976/1049] Compiling ArduCopter/navigation.cpp
[ 977/1049] Compiling ArduCopter/Attitude.cpp
[ 978/1049] Compiling ArduCopter/crash_check.cpp
[ 979/1049] Compiling ArduCopter/mode_acro_heli.cpp
[ 980/1049] Compiling ArduCopter/radio.cpp
[ 981/1049] Compiling ArduCopter/GCS_MAVLink_Copter.cpp
[ 982/1049] Compiling ArduCopter/events.cpp
[ 983/1049] Compiling ArduCopter/mode_stabilize_heli.cpp
[ 984/1049] Compiling ArduCopter/mode_loiter.cpp
[ 985/1049] Compiling ArduCopter/Parameters.cpp
[ 986/1049] Linking ../speedybeef4v5/lib/libArduCopter_libs.a
[ 987/1049] Compiling ArduCopter/terrain.cpp
[ 988/1049] Compiling ArduCopter/GCS_Copter.cpp
[ 989/1049] Compiling ArduCopter/AP_State.cpp
[ 990/1049] Compiling ArduCopter/inertia.cpp
[ 991/1049] Compiling ArduCopter/tuning.cpp
[ 992/1049] Compiling ArduCopter/system.cpp
[ 993/1049] Compiling ArduCopter/mode_guided.cpp
[ 994/1049] Compiling ArduCopter/UserCode.cpp
[ 995/1049] Compiling ArduCopter/takeoff.cpp
[ 996/1049] Compiling ArduCopter/standby.cpp
[ 997/1049] Compiling ArduCopter/rate_thread.cpp
[ 998/1049] Compiling ArduCopter/commands.cpp
[ 999/1049] Compiling ArduCopter/mode_systemid.cpp
[1000/1049] Compiling ArduCopter/mode_avoid_adsb.cpp
[1001/1049] Compiling ArduCopter/avoidance_adsb.cpp
[1002/1049] Compiling ArduCopter/avoidance.cpp
[1003/1049] Compiling ArduCopter/mode_circle.cpp
[1004/1049] Compiling ArduCopter/esc_calibration.cpp
[1005/1049] Compiling ArduCopter/mode_zigzag.cpp
[1006/1049] Compiling ArduCopter/mode_follow.cpp
[1007/1049] Compiling ArduCopter/mode_throw.cpp
[1008/1049] Compiling ArduCopter/AP_Rally.cpp
[1009/1049] Compiling ArduCopter/mode_sport.cpp
[1010/1049] Compiling ArduCopter/ekf_check.cpp
[1011/1049] Compiling ArduCopter/mode_land.cpp
[1012/1049] Compiling ArduCopter/fence.cpp
[1013/1049] Compiling ArduCopter/afs_copter.cpp
[1014/1049] Compiling ArduCopter/motor_test.cpp
[1015/1049] Compiling ArduCopter/mode_turtle.cpp
[1016/1049] Compiling ArduCopter/AP_ExternalControl_Copter.cpp
[1017/1049] Compiling ArduCopter/mode_flip.cpp
[1018/1049] Compiling ArduCopter/mode.cpp
[1019/1049] Compiling ArduCopter/mode_smart_rtl.cpp
[1020/1049] Compiling ArduCopter/autoyaw.cpp
[1021/1049] Compiling ArduCopter/heli.cpp
[1022/1049] Compiling ArduCopter/landing_gear.cpp
[1023/1049] Compiling ArduCopter/baro_ground_effect.cpp
[1024/1049] Compiling ArduCopter/sensors.cpp
[1025/1049] Compiling ArduCopter/RC_Channel_Copter.cpp
[1026/1049] Compiling ArduCopter/failsafe.cpp
[1027/1049] Compiling ArduCopter/mode_althold.cpp
[1028/1049] Compiling ArduCopter/mode_auto.cpp
[1029/1049] Compiling ArduCopter/mode_acro.cpp
[1030/1049] Compiling ArduCopter/takeoff_check.cpp
[1031/1049] Compiling ArduCopter/motors.cpp
[1032/1049] Compiling ArduCopter/mode_brake.cpp
[1033/1049] Compiling ArduCopter/mode_guided_custom.cpp
[1034/1049] Compiling ArduCopter/toy_mode.cpp
[1035/1049] Compiling ArduCopter/mode_drift.cpp
[1036/1049] Compiling ArduCopter/precision_landing.cpp
[1037/1049] Compiling ArduCopter/mode_stabilize.cpp
[1038/1049] Compiling ArduCopter/Copter.cpp
[1039/1049] Compiling ArduCopter/mode_poshold.cpp
[1040/1049] Compiling ArduCopter/compassmot.cpp
[1041/1049] Compiling ArduCopter/mode_autorotate.cpp
[1042/1049] Compiling ArduCopter/mode_flowhold.cpp
[1043/1049] Linking ../speedybeef4v5/bin/arducopter
[1044/1049] Generating bin/arducopter.bin
[1045/1049] checking symbols ../speedybeef4v5/bin/arducopter
[1046/1049] app_descriptor set_app_descriptor: ../speedybeef4v5/bin/arducopter ../speedybeef4v5/bin/arducopter.bin
No APP_DESCRIPTOR found
[1047/1049] apj_gen ../speedybeef4v5/bin/arducopter.bin
[1048/1049] bin cleanup ../speedybeef4v5/bin/arducopter.bin
[1049/1049] Generating bin/arducopter_with_bl.hex
Waf: Leaving directory `/workdir/d450a747/speedybeef4v5'

BUILD SUMMARY
Build directory: /workdir/d450a747/speedybeef4v5
Target          Text (B)  Data (B)  BSS (B)  Total Flash Used (B)  Free Flash (B)  External Flash Used (B)
----------------------------------------------------------------------------------------------------------
bin/arducopter    757364      2224    75652                759588          239820  Not Applicable         

'copter' finished successfully (1m43.909s)
done build
